ep,ep_reward,time
1,-19161.742347871077,8.048107147216797
