ep,ep_reward,time
201,-349.18958452321834,6.58666729927063
202,-304.0092265403563,2.052042245864868
