ep,ep_reward,time
1,-454.0258264918609,6.986424922943115
2,-564.6928776076583,4.450746297836304
3,-357.14608764700074,1.8750858306884766
