ep,ep_reward,time
188,-249.1299768955888,7.498090982437134
189,-2.731568932825133,2.202594757080078
190,-145.83614646682346,2.0448765754699707
