ep,ep_reward,time
1,-17735.04135413951,7.553246021270752
