ep,ep_reward,time
1,-454.0258264918609,6.986424922943115
