ep,ep_reward,time
1,-17735.04135413951,7.553246021270752
2,-12922.944162577856,1.9234869480133057
