ep,ep_reward,time
266,-495.87633674513233,6.489166259765625
