ep,ep_reward,time
1,-3869.0083512652604,6.765169143676758
2,-3810.5522227402807,2.000976800918579
3,-6630.411976292613,1.9945766925811768
4,-3037.8617824287903,1.7037901878356934
5,-5555.813147193592,1.99713134765625
6,-8907.790909743271,1.887822151184082
7,-5230.49406203805,1.6945030689239502
8,-3471.0390485987205,1.79571533203125
9,-3450.971046971109,1.8003146648406982
