ep,ep_reward,time
188,-249.1299768955888,7.498090982437134
189,-2.731568932825133,2.202594757080078
190,-145.83614646682346,2.0448765754699707
191,-2.9177807073666684,2.852958917617798
192,-20.535219172736305,2.3621113300323486
193,-568.9458710819686,2.3709187507629395
194,-52.7430991777826,1.8854708671569824
