ep,ep_reward,time
201,-349.18958452321834,6.58666729927063
202,-304.0092265403563,2.052042245864868
203,-380.9888567090244,1.7987816333770752
204,-417.01657531915856,2.2259039878845215
205,-332.311438996691,1.6388094425201416
