ep,ep_reward,time
1,-17735.04135413951,7.553246021270752
2,-12922.944162577856,1.9234869480133057
3,-11320.56458847718,1.6113829612731934
4,-7787.813916775525,1.7160711288452148
5,-13504.751902325648,2.441917896270752
6,-9752.49498122079,2.0266833305358887
7,-7059.471216589957,1.9233601093292236
8,-9167.210874787645,1.9272422790527344
9,-9828.409200181195,2.5035948753356934
