ep,ep_reward,time
1,-3869.0083512652604,6.765169143676758
2,-3810.5522227402807,2.000976800918579
