ep,ep_reward,time
206,-418.9240407126933,6.475758075714111
207,-418.0130205201042,1.7185215950012207
208,-324.2145023885841,1.5631730556488037
209,-469.5558109965057,1.7174255847930908
210,-446.3529973784144,2.2992782592773438
