ep,ep_reward,time
1,-19161.742347871077,8.048107147216797
2,-6693.126352958744,2.0114598274230957
