ep,ep_reward,time
188,-249.1299768955888,7.498090982437134
