ep,ep_reward,time
105,-95.29243630591614,7.241054058074951
