ep,ep_reward,time
296,-334.7588569302887,6.534854888916016
