ep,ep_reward,time
1,-454.0258264918609,6.986424922943115
2,-564.6928776076583,4.450746297836304
3,-357.14608764700074,1.8750858306884766
4,-432.0921114712287,1.3814740180969238
5,-573.9381052142322,1.5464744567871094
6,-553.5604925732891,1.5348832607269287
