ep,ep_reward,time
201,-349.18958452321834,6.58666729927063
