ep,ep_reward,time
296,-334.7588569302887,6.534854888916016
297,-368.4958556176594,1.5505175590515137
298,-233.03467862647727,1.4690237045288086
299,-414.797019206292,1.4793856143951416
