ep,ep_reward,time
266,-495.87633674513233,6.489166259765625
267,-322.62802978351317,1.8169326782226562
