ep,ep_reward,time
481,-337.3854810893063,7.125996112823486
