ep,ep_reward,time
206,-418.9240407126933,6.475758075714111
