ep,ep_reward,time
266,-495.87633674513233,6.489166259765625
267,-322.62802978351317,1.8169326782226562
268,-286.5697214500559,1.8167777061462402
269,-364.0671553729331,1.880605697631836
