angel,angular_velocity,angular_acc,motor1,motor2,action
0.10087165512493848,-5.029506067727958,-5.617300380721923,0.0,0.0,[-3.13396496 -2.26658295]
0.38895498082380064,1.7060873176267173,6.735593385354675,0.0,0.0,[-3.1200878  -2.26746741]
0.11452856088939588,-1.6610546660459682,-3.3671419836726857,0.0,0.0,[-3.10172868 -2.28242728]
0.48883174435198257,2.1893897644433458,3.850444430489314,0.0,0.0,[-3.08905978 -2.2646096 ]
0.34428150708015587,-0.8581116606634498,-3.0475014251067956,0.0,0.0,[-3.09638904 -2.27583231]
0.23065545688014163,-0.6556572801975031,0.20245438046594666,0.0,0.0,[-3.08631082 -2.32357382]
-13.967782200177941,-84.80782542266707,-84.15216814246956,0.0,0.0,[-3.10030121 -2.2969043 ]
-31.806414850396585,-106.1096148480451,-21.301789425378033,0.0,0.0,999
