angel,angular_velocity,angular_acc,motor1,motor2,action
-0.1081536357712337,-2.310861709115652,1.0357219621840192,0.0,0.0,[-2.86427512 -2.16178049]
-0.06430729465526792,0.25881136252761455,2.5696730716432667,0.0,0.0,[-2.8453799  -2.13589936]
0.1002598351742112,0.9772516549517828,0.7184402924241682,0.0,0.0,[-2.79846005 -2.18087451]
0.14305501812776683,0.24648934653853993,-0.7307623084132429,0.0,0.0,[-2.82663265 -2.17407755]
0.044082932834954736,-0.579989008841225,-0.8264783553797649,0.0,0.0,[-2.77807507 -2.1544749 ]
-42.43903914166623,-246.97068826855582,-246.39069925971458,0.0,0.0,999
