angel,angular_velocity,angular_acc,motor1,motor2,action
0.9288795886185159,3.7127538929941717,5.879950578184333,0.0,0.0,[-3.54853814 -2.24605147]
0.444144013064061,-2.8624483489380927,-6.575202241932264,0.0,0.0,[-3.56921696 -2.28728447]
0.5615198457219582,0.7037613584055102,3.566209707343603,0.0,0.0,[-3.56728874 -2.29274662]
0.774959806900064,1.2532121270094128,0.5494507686039025,0.0,0.0,[-3.50868683 -2.30145265]
0.5128639183547707,-1.5335305394986642,-2.786742666508077,0.0,0.0,[-3.51798801 -2.27781759]
0.5059864164227219,-0.03937490887146882,1.4941556306271955,0.0,0.0,[-3.49106531 -2.2662716 ]
0.4101887171393384,-0.5468835936763305,-0.5075086848048618,0.0,0.0,[-3.50813671 -2.31545501]
29.0842124556157,166.35232279999053,166.89920639366687,0.0,0.0,999
