angel,angular_velocity,angular_acc,motor1,motor2,action
0.67352635,0.466257021718769,-7.205094841235019,0.0,0.0,[0.1177243  0.14213823]
0.7046622,0.31127945806925256,-1.5493818545811724,0.11772430378812754,0.1421382262172936,[0.1029198  0.14270442]
0.7580935,0.5341120337092576,2.2274887826562626,0.10291979841748936,0.14270441872395231,[0.11612107 0.15782673]
0.9995532,2.4143232779788213,18.799978884911265,0.11612107243194868,0.15782673353250273,[0.16642216 0.16038329]
1.5461805,5.465326827221737,30.5047553667167,0.16642216007923147,0.16038328918935332,[0.23053839 0.16821552]
1.964707,4.182487151812327,-12.819881350955988,0.2305383930773811,0.1682155155588275,[0.19000114 0.17224214]
2.95326,9.88056815230161,56.95221375574884,0.1900011401113294,0.1722421383918605,[0.23797731 0.11858153]
4.242074,12.886893253645663,30.06034123423972,0.23797731023588,0.11858152702806801,[0.19072501 0.06905531]
6.2871146,20.448914201797066,75.6146929295339,0.19072501295782074,0.06905530740356568,[0.14422323 0.01395058]
9.44825,31.60460049580473,111.53303691290407,0.14422323033218482,0.020716592221069703,[0.18943343 0.01228076]
14.046447,45.95637462350833,143.43785416648493,0.18943343106203417,0.012280756863938586,[0.19764158 0.        ]
18.91586,48.6937062803683,27.37308162355557,0.19764157997405554,0.0036842270591815754,999
