angel,angular_velocity,angular_acc,motor1,motor2,action
0.15955438543957257,-0.8211819609239324,-3.404538973904934,0.0,0.0,[-3.23678505 -2.26289738]
0.9054795136973053,4.409306632699631,5.230488593623564,0.0,0.0,[-3.22156697 -2.21054102]
0.79925459958612,-0.6413797612007648,-5.050686393900396,0.0,0.0,[-3.16669953 -2.1977651 ]
0.44998387282740154,-2.0205839438892044,-1.3792041826884396,0.0,0.0,[-3.14588737 -2.19509937]
0.6882025483955239,1.4007867024027918,3.4213706462919964,0.0,0.0,[-3.16047371 -2.16730785]
0.4363287422087342,-1.4764065331802705,-2.8771932355830625,0.0,0.0,[-3.11556218 -2.16307559]
0.6014318729417532,0.9661929666635847,2.442599499843855,0.0,0.0,[-3.11447018 -2.21840096]
0.39963830976929615,-1.1881085057090244,-2.154301472372609,0.0,0.0,[-3.12264995 -2.22529963]
0.5161322287991145,0.6884374545606808,1.8765459602697052,0.0,0.0,[-3.13310938 -2.30055635]
0.5029162161869726,-0.07636162763517054,-0.7647990821958514,0.0,0.0,[-3.1376103 -2.2938044]
0.8540099227204958,2.063470610465905,2.1398322381010755,0.0,0.0,[-3.16977736 -2.29725217]
-14.270399484747802,-87.95142274193142,-90.01489335239732,0.0,0.0,[-3.095147   -2.28391505]
-22.643199255624523,-48.325000165386435,39.62642257654499,0.0,0.0,999
