angel,angular_velocity,angular_acc,motor1,motor2,action
0.4013898778692714,-1.2016455990008081,-2.5637391964214467,0.0,0.0,[-3.34160646 -1.06173282]
-0.739114169164324,-6.701541569928647,-5.499895970927839,0.0,0.0,[-3.2722066 -1.109288 ]
-0.021653471385463644,4.19991022303698,10.901451792965627,0.0,0.0,[-3.28319449 -1.08434876]
0.0,0.12901422609701887,-4.070895996939961,0.0,0.0,[-3.28028896 -1.04554322]
0.2626804919245831,1.537985191949443,1.408970965852424,0.0,0.0,[-3.2858221  -1.03053106]
0.6252445690634234,2.2009873212341047,0.6630021292846617,0.0,0.0,[-3.28506759 -1.01995636]
30.215752921963816,173.84279627779128,171.64180895655718,0.0,0.0,999
