angel,angular_velocity,angular_acc,motor1,motor2,action
-0.5241098242820482,8.672405717802716,6.649946328555766,0.0,0.0,[-3.14219738 -2.31900882]
0.057294406403438816,3.4120128981442175,-5.260392819658499,0.0,0.0,[-3.18803794 -2.29134351]
0.17540775899665428,0.7146449407329519,-2.6973679574112657,0.0,0.0,[-3.20332244 -2.25461016]
-1.7329175921676938,-10.974091986692539,-11.688736927425492,0.0,0.0,[-3.19743695 -2.27355173]
-21.085613966932534,-111.82994116567977,-100.85584917898723,0.0,0.0,999
