angel,angular_velocity,angular_acc,motor1,motor2,action
-0.497270217871525,7.986786798028299,11.42807399938524,0.0,0.0,[-3.09320377 -2.29859692]
-0.31916377851073013,1.0385866814176705,-6.948200116610629,0.0,0.0,[-3.05358535 -2.29815526]
-0.6539664343947273,-1.9367210181386882,-2.9753076995563585,0.0,0.0,[-2.99023207 -2.32287131]
-0.3377700253233375,1.9197126176693278,3.856433635808016,0.0,0.0,[-3.00022398 -2.32242884]
-0.450160219986811,-0.6595672407060573,-2.579279858375385,0.0,0.0,[-3.0490767  -2.34035708]
-1.2839421599490695,-4.856733859185789,-4.1971666184797325,0.0,0.0,[-3.07070148 -2.34009377]
-23.967778615065118,-130.910187373124,-126.0534535139382,0.0,0.0,999
