angel,angular_velocity,angular_acc,motor1,motor2,action
0.021437247877831706,0.8360692426785699,-0.14641517324043796,0.0,0.0,[-3.51844329 -2.2568206 ]
0.48881263080748905,2.9474689484687553,2.1113997057901854,0.0,0.0,[-3.46366618 -2.26018492]
1.8266551121725154,8.438364140352606,5.490895191883851,0.0,0.0,[-3.47335772 -2.25764296]
-0.2793094733414743,-13.398663759641153,-21.837027899993757,0.0,0.0,[-3.49688492 -2.23505092]
-0.6771348860605024,-2.5260319544101395,10.872631805231013,0.0,0.0,[-3.51184166 -2.25155005]
-0.6020637241194652,0.4342764545436168,2.960308408953756,0.0,0.0,[-3.52012237 -2.28404234]
-1.7660048108987225,-6.95225589611409,-7.386532350657706,0.0,0.0,[-3.49139612 -2.28847668]
-24.779762986602687,-133.11622034003216,-126.16396444391806,0.0,0.0,999
