angel,angular_velocity,angular_acc,motor1,motor2,action
0.08605733935665888,-2.2252256043031444,2.054230083150877,0.0,0.0,[-2.84531888 -2.21054283]
-0.29158092506787686,-2.2153575332197932,0.009868071083351193,0.0,0.0,[-2.81966822 -2.17759402]
-0.7068509927805727,-2.423765665194353,-0.20840813197455965,0.0,0.0,[-2.81642892 -2.16765391]
-0.6794477311090752,0.159994445933321,2.583760111127674,0.0,0.0,[-2.82344911 -2.16149421]
-1.7453425060688907,-6.308194339008502,-6.468188784941822,0.0,0.0,[-2.81463631 -2.16111387]
7.270008181085195,52.107156664829034,58.415351003837536,0.0,0.0,[-2.81860909 -2.17803825]
20.587462766476655,77.02447084606088,24.917314181231845,0.0,0.0,999
