angel,angular_velocity,angular_acc,motor1,motor2,action
0.7166802646983101,7.605911799321304,10.463092618470629,0.0,0.0,[-3.0230241 -1.4692099]
-0.1639342359340273,-5.184052630451989,-12.789964429773292,0.0,0.0,[-2.99132047 -1.46954   ]
-0.10686469422828732,0.3376783418110914,5.5217309722630805,0.0,0.0,[-2.94879754 -1.44608728]
-0.4102647896611557,-1.793706475507167,-2.1313848173182586,0.0,0.0,[-2.97861829 -1.38016858]
-0.305055097000047,0.602995062648615,2.396701538155782,0.0,0.0,[-2.96313208 -1.36336365]
-0.48026977330227966,-1.0181470309476377,-1.6211420935962528,0.0,0.0,[-3.00456812 -1.34144651]
-0.36772767267280415,0.6615926675841527,1.6797396985317903,0.0,0.0,[-3.01993395 -1.28649813]
9.888825381344944,60.20092794304843,59.539335275464275,0.0,0.0,[-3.03253432 -1.31410058]
19.62382319266986,56.91005297749935,-3.2908749655490794,0.0,0.0,999
