angel,angular_velocity,angular_acc,motor1,motor2,action
0.690039472239349,1.096225722321405,-4.4560673428559365,0.0,0.0,[-2.56554665 -1.7870709 ]
0.8524675479553468,0.9668338828142939,-0.12939183950711097,0.0,0.0,[-2.53949538 -1.80936579]
-1.3917863463295639,-13.082866343869089,-14.049700226683383,0.0,0.0,[-2.56284336 -1.79343429]
-1.1223071085817264,1.5789642093536995,14.661830553222789,0.0,0.0,[-2.58800175 -1.79024181]
-0.9583151516720888,0.9548171326477528,-0.6241470767059467,0.0,0.0,[-2.62797673 -1.7667    ]
1.8903451122633097,16.605326952839533,15.65050982019178,0.0,0.0,[-2.64499651 -1.77661517]
3.551986155874891,9.825048566488377,-6.780278386351156,0.0,0.0,[-2.61984856 -1.73967233]
24.677368663323062,123.48635593677821,113.66130737028983,0.0,0.0,999
