angel,angular_velocity,angular_acc,motor1,motor2,action
-0.34413553897175303,-11.984359229825873,-12.711936483801736,0.0,0.0,[-3.17894344 -1.03643599]
-0.19423038138079782,0.8876293361347561,12.87198856596063,0.0,0.0,[-3.20457866 -0.99484213]
-0.4727439877632946,-1.6374580123555789,-2.525087348490335,0.0,0.0,[-3.1881691  -1.01390402]
-0.4340178296046531,0.23674390074497145,1.8742019131005503,0.0,0.0,[-3.15650854 -1.00851559]
0.30992799239803404,4.347735431089045,4.110991530344073,0.0,0.0,[-3.14284479 -1.02900766]
20.244123517435938,120.1972896009508,115.84955416986175,0.0,0.0,999
