angel,angular_velocity,angular_acc,motor1,motor2,action
1.2568021507061777,-3.2635977970654,-1.6639348284698303,0.0,0.0,[-3.44559685 -1.49342228]
0.5720716113021923,-4.330522745063712,-1.066924947998312,0.0,0.0,[-3.48370921 -1.50951851]
-0.17975850674288305,-4.712164540666809,-0.3816417956030964,0.0,0.0,[-3.49265568 -1.50108865]
-0.23615884383261956,-0.3536623666730408,4.3585021739937675,0.0,0.0,[-3.50843409 -1.51187151]
-0.7217902275878105,-3.0008657702506203,-2.6472034035775796,0.0,0.0,[-3.51358935 -1.54461105]
5.366051415965937,38.41684967709058,41.4177154473412,0.0,0.0,[-3.53198095 -1.55643409]
24.30448740190291,118.44670406881826,80.02985439172768,0.0,0.0,999
