angel,angular_velocity,angular_acc,motor1,motor2,action
-1.1440165240314655,5.036903231308864,4.822824383041435,0.0,0.0,[-2.97041344 -1.45881993]
0.46168082726613735,9.170530836767377,4.133627605458512,0.0,0.0,[-2.98986155 -1.45339144]
0.3593418165264765,-0.5852274453977073,-9.755758282165084,0.0,0.0,[-2.98203253 -1.44674069]
0.0,-2.0837527991984937,-1.4985253538007863,0.0,0.0,[-2.9808852  -1.46442291]
-15.012512040421448,-90.36497758519971,-88.28122478600122,0.0,0.0,999
