angel,angular_velocity,angular_acc,motor1,motor2,action
1.7556709224012141,8.850936391947887,7.919237740365327,0.0,0.0,[-3.12763096 -2.2943642 ]
0.3137508311587306,-8.4416498560623,-17.29258624801019,0.0,0.0,[-3.10456035 -2.3279252 ]
0.47541187158670456,0.9678046458113948,9.409454501873695,0.0,0.0,[-3.13443731 -2.31730952]
0.30170498567058296,-1.004995443081575,-1.9728000888929698,0.0,0.0,[-3.11393552 -2.32180348]
0.9070687388235928,3.4974560025905457,4.50245144567212,0.0,0.0,[-3.19724512 -2.32917762]
3.643608730299734,15.923498478675976,12.42604247608543,0.0,0.0,[-3.16447466 -2.28673261]
12.795607040654604,54.21206638992802,38.288567911252045,0.0,0.0,[-3.18679965 -2.26788312]
23.496394728987077,62.697903061284606,8.485836671356587,0.0,0.0,999
