angel,angular_velocity,angular_acc,motor1,motor2,action
0.5303327140878831,-2.954280290913281,6.5196012246622645,0.0,0.0,[-3.57811446 -1.54359522]
-1.009936756511241,-9.454561209197326,-6.500280918284045,0.0,0.0,[-3.62261054 -1.52651764]
-1.0486681747581372,-0.23754190028825042,9.217019308909075,0.0,0.0,[-3.62058666 -1.46974524]
0.021695413061459144,6.666285958851002,6.903827859139253,0.0,0.0,[-3.60906652 -1.46370801]
0.014611762847224109,-0.04450703449767864,-6.710792993348681,0.0,0.0,[-3.63578884 -1.46026254]
11.32536733458726,70.6455497840334,70.69005681853109,0.0,0.0,[-3.63343616 -1.4395477 ]
31.593836206714975,126.57130019956819,55.92575041553478,0.0,0.0,999
