angel,angular_velocity,angular_acc,motor1,motor2,action
-0.5816452287957317,-3.0019727602892803,-3.747369352736687,0.0,0.0,[-3.77722727 -1.51153529]
-0.6090099857824286,-0.16819994414882478,2.8337728161404554,0.0,0.0,[-3.74372095 -1.53873005]
-0.4497195098363561,1.0108965963987824,1.179096540547607,0.0,0.0,[-3.77123053 -1.54586998]
0.3736916660372348,5.177198724918985,4.166302128520202,0.0,0.0,[-3.77468164 -1.5564281 ]
-0.5007513698196548,-5.552715925432532,-10.729914650351517,0.0,0.0,[-3.74690039 -1.54258723]
-6.970352897236265,-40.88096377778018,-35.32824785234765,0.0,0.0,[-3.72069848 -1.53226271]
-21.478455891552954,-90.67978389569079,-49.79882011791061,0.0,0.0,999
