angel,angular_velocity,angular_acc,motor1,motor2,action
-0.7534151014694427,-1.682029219830936,-2.7986344857304615,0.0,0.0,[-2.98449674 -1.46939185]
1.3169944757206273,12.24086567954236,13.922894899373295,0.0,0.0,[-2.97204414 -1.50621133]
0.47718401301157964,-4.894113013816938,-17.134978693359297,0.0,0.0,[-3.01260166 -1.51358084]
-0.03603311297353398,-3.0024711229098515,1.8916418909070862,0.0,0.0,[-3.01985845 -1.54558207]
-6.497397128462808,-37.406383624047926,-34.40391250113807,0.0,0.0,[-3.03598489 -1.53591512]
-15.011132288527731,-49.675168305109175,-12.268784681061248,0.0,0.0,999
