angel,angular_velocity,angular_acc,motor1,motor2,action
-0.7654464099413751,2.148074182442278,-0.5216296207961859,0.0,0.0,[-2.82510759 -1.42204923]
-0.00722443321175072,4.429272840052661,2.2811986576103833,0.0,0.0,[-2.83406899 -1.45121924]
0.014346944465935044,0.1281226945186712,-4.30115014553399,0.0,0.0,[-2.83026367 -1.47188615]
0.6256201914302475,3.625381009921399,3.4972583154027275,0.0,0.0,[-2.88369489 -1.4642685 ]
-1.1739520671026376,-10.49182197465644,-14.11720298457784,0.0,0.0,[-2.91621562 -1.44137561]
-10.211252354015363,-52.29419357600479,-41.80237160134835,0.0,0.0,[-2.90247769 -1.47612513]
-19.103969194052354,-52.285950329544946,0.008243246459841203,0.0,0.0,999
