angel,angular_velocity,angular_acc,motor1,motor2,action
1.4835433651049055,4.956808253678543,7.785488211268305,0.0,0.0,[-3.13339315 -2.2256782 ]
2.2389658159820938,4.494782979399131,-0.4620252742794113,0.0,0.0,[-3.1299063  -2.23397997]
0.18799268907126934,-12.210825973533447,-16.70560895293258,0.0,0.0,[-3.11699373 -2.19975049]
0.12955425777566498,-0.34344224197454687,11.8673837315589,0.0,0.0,[-3.08328996 -2.19138362]
0.1567340068350153,0.15340227034916365,0.4968445123237105,0.0,0.0,[-3.10045923 -2.20011749]
1.833975804247514,9.637576160065585,9.484173889716422,0.0,0.0,[-3.13424003 -2.23934539]
26.334435439526246,142.40550519816318,132.7679290380976,0.0,0.0,999
