angel,angular_velocity,angular_acc,motor1,motor2,action
0.9313946666819984,0.8364695734685491,-1.2561893614790276,0.0,0.0,[-3.03759733 -2.30661266]
0.47208257029817746,-2.7310939619631127,-3.567563535431662,0.0,0.0,[-3.04150491 -2.3045448 ]
0.44512496022446435,-0.1592389487611737,2.571855013201939,0.0,0.0,[-3.00282335 -2.25671934]
0.8904391266199957,2.6372101476182475,2.7964490963794213,0.0,0.0,[-3.02753116 -2.27986069]
0.5840346036258962,-1.7838530175605132,-4.421063165178761,0.0,0.0,[-3.01763502 -2.33106154]
-8.599915165271963,-53.039676547719345,-51.255823530158835,0.0,0.0,[-3.01711581 -2.32939573]
28.63569506148048,219.35931227045577,272.3989888181751,0.0,0.0,999
