angel,angular_velocity,angular_acc,motor1,motor2,action
2.3698874844440088,28.873984741958523,30.840900216668384,0.0,0.0,[-3.00254586 -2.37403847]
0.20067609016144264,-13.047421052768486,-41.92140579472701,0.0,0.0,[-3.00850324 -2.37402959]
0.6406617841822602,2.6402150538066547,15.687636106575141,0.0,0.0,[-3.02421734 -2.34159931]
1.0470840944861437,2.3745005889338935,-0.2657144648727612,0.0,0.0,[-3.03744697 -2.30833406]
-10.01794705467964,-63.94478854462297,-66.31928913355686,0.0,0.0,[-3.02589085 -2.38083361]
-18.96629759869326,-51.92433345391403,12.020455090708943,0.0,0.0,999
