angel,angular_velocity,angular_acc,motor1,motor2,action
1.0529043699964187,3.293964102379923,13.92756406052241,0.0,0.0,[-3.39434718 -2.20840181]
0.34136614948928556,-4.38694445544192,-7.6809085578218435,0.0,0.0,[-3.39474995 -2.243177  ]
0.44281281358915975,0.6402473562721321,5.027191811714053,0.0,0.0,[-3.34073467 -2.321892  ]
0.6746886267016599,1.4651343556894485,0.8248869994173164,0.0,0.0,[-3.35631498 -2.35882509]
0.6472916962219225,-0.17070899827507544,-1.6358433539645238,0.0,0.0,[-3.3645666  -2.34017848]
2.2422209487523737,10.074756465539778,10.245465463814854,0.0,0.0,[-3.40085914 -2.37114353]
11.144893174418003,55.498271799267044,45.423515333727266,0.0,0.0,[-3.48012523 -2.36366107]
36.23140932860906,157.81595678542283,102.31768498615578,0.0,0.0,999
