angel,angular_velocity,angular_acc,motor1,motor2,action
-1.8260651968190165,-2.334007513537055,3.113556222726784,0.0,0.0,[-2.65799744 -2.15359191]
-2.515966800580409,-4.026439415725322,-1.6924319021882668,0.0,0.0,[-2.64327951 -2.16338392]
-1.114384362899293,8.26207243142277,12.28851184714809,0.0,0.0,[-2.65101474 -2.11635158]
-1.787589569841612,-3.930072351686293,-12.192144783109063,0.0,0.0,[-2.6587154  -2.06503152]
-1.7446927865520911,0.25079158946382707,4.18086394115012,0.0,0.0,[-2.67068685 -2.04543172]
-1.5381567616435703,1.2053442356185986,0.9545526461547715,0.0,0.0,[-2.65127863 -2.05086111]
9.472709080711219,64.66357414635904,63.45822991074044,0.0,0.0,[-2.61947228 -2.00315387]
20.720662688611114,64.85044490552849,0.18687075916945162,0.0,0.0,999
