angel,angular_velocity,angular_acc,motor1,motor2,action
0.35870588794979896,2.93831871225349,2.6609801961101547,0.0,0.0,[-3.73450891 -1.54503714]
0.5404492325318473,1.1338627220818687,-1.8044559901716215,0.0,0.0,[-3.70248555 -1.57714606]
0.3124129768528376,-1.4468196089380343,-2.580682331019903,0.0,0.0,[-3.71232178 -1.58786171]
0.04325214882349166,-1.690987784493341,-0.24416817555530668,0.0,0.0,[-3.69505211 -1.58008863]
0.4395123978357043,2.4916436509029682,4.182631435396309,0.0,0.0,[-3.73441798 -1.57650087]
0.15712326990158093,-1.7598227866381868,-4.251466437541155,0.0,0.0,[-3.7217786  -1.56434862]
-0.07869911490066965,-1.4802504798162524,0.27957230682193446,0.0,0.0,[-3.72073295 -1.55925082]
0.3019108576892253,2.38650660458749,3.8667570844037424,0.0,0.0,[-3.72106557 -1.57845086]
0.14337364247999143,-0.9821593010388734,-3.3686659056263633,0.0,0.0,[-3.66340743 -1.55934078]
0.15767571890241822,0.08933534730074039,1.0714946483396137,0.0,0.0,[-3.62840677 -1.50966479]
0.6974390606231419,3.361008367490166,3.2716730201894255,0.0,0.0,[-3.58257287 -1.50115778]
-17.138976337434386,-109.96300107849444,-113.32400944598461,0.0,0.0,999
