angel,angular_velocity,angular_acc,motor1,motor2,action
2.2041330058854087,0.6437239288106132,-1.6586221877982137,0.0,0.0,[-2.89970193 -2.31025283]
0.7954971727074497,-8.231255324933818,-8.874979253744431,0.0,0.0,[-2.94711264 -2.30576549]
0.34532447190691024,-2.616080259782454,5.615175065151364,0.0,0.0,[-2.98784618 -2.29052793]
0.5332518318851854,1.0807040641907852,3.6967843239732394,0.0,0.0,[-2.98997895 -2.29758188]
15.29586757656962,85.56056608661629,84.47986202242551,0.0,0.0,999
