angel,angular_velocity,angular_acc,motor1,motor2,action
0.2151733657210461,-0.003180549291037837,0.11721093877341596,0.0,0.0,[-3.47848218 -2.27826325]
0.39904837768519447,1.0941448585852604,1.0973254078762982,0.0,0.0,[-3.5124649  -2.27708497]
0.48918201735293626,0.524416813327056,-0.5697280452582044,0.0,0.0,[-3.46066241 -2.24198587]
0.7714614321927052,1.7256056975498348,1.2011888842227787,0.0,0.0,[-3.46420705 -2.24325443]
0.7085201310834325,-0.36784493229270315,-2.093450629842538,0.0,0.0,[-3.44628749 -2.23786316]
-3.596828482585914,-24.952315622963987,-24.584470690671285,0.0,0.0,[-3.41597712 -2.23363039]
-20.133806801967197,-97.39663963526583,-72.44432401230185,0.0,0.0,999
