angel,angular_velocity,angular_acc,motor1,motor2,action
0.716856805852851,0.42510194841207954,-1.658847502982175,0.0,0.0,[-3.3787063  -1.58903471]
0.431071390342248,-1.7734441654353963,-2.198546113847476,0.0,0.0,[-3.41446971 -1.56855778]
0.4031679014026505,-0.17323508120071449,1.6002090842346819,0.0,0.0,[-3.41325294 -1.55454172]
0.4225275587875068,0.1223006422386545,0.29553572343936896,0.0,0.0,[-3.41276732 -1.56223138]
0.4582346569860004,0.22184101898267167,0.09954037674401717,0.0,0.0,[-3.42169967 -1.55899223]
0.950469788639395,3.0761699723675338,2.854328953384862,0.0,0.0,[-3.44131542 -1.53427362]
-6.29144389331666,-45.35154603028684,-48.42771600265437,0.0,0.0,[-3.4611909  -1.45805615]
-14.784027895530654,-53.34810902940122,-7.996562999114381,0.0,0.0,[-3.45118523 -1.44206107]
-18.669211171406815,-24.36771259750139,28.98039643189983,0.0,0.0,999
