angel,angular_velocity,angular_acc,motor1,motor2,action
-0.6382234429818741,1.5168144514833066,1.2077478354638502,0.0,0.0,[-2.63808517 -1.73558192]
-1.5085232383045672,-5.110907191811398,-6.627721643294705,0.0,0.0,[-2.61915373 -1.75330668]
-1.1739150988217701,1.9263872735231111,7.037294465334509,0.0,0.0,[-2.65398456 -1.74245686]
-1.2873521172180544,-0.654225389694425,-2.5806126632175364,0.0,0.0,[-2.66314751 -1.72062694]
-0.8087835242466944,2.755751951254338,3.409977340948763,0.0,0.0,[-2.63377139 -1.68859927]
6.583628963553946,42.872130741823284,40.116378790568945,0.0,0.0,[-2.59297944 -1.68186272]
26.322634941087546,117.27307740345297,74.40094666162969,0.0,0.0,999
