angel,angular_velocity,angular_acc,motor1,motor2,action
-0.23259363,4.119699294671939,3.3122739508103844,0.0,0.0,[-1.41930161 -1.44441934]
-0.6258624,-2.232865064732542,-6.3525643594044805,0.0,0.0,[-1.44130939 -1.47793172]
-1.8339574,-7.201692436480335,-4.968827371747793,0.0,0.0,[-1.45463308 -1.47074153]
-2.0042467,-1.015389098973586,6.186303337506748,0.0,0.0,[-1.43309115 -1.51756401]
-1.6577773,2.004024050528174,3.01941314950176,0.0,0.0,[-1.44934688 -1.52186306]
-1.4477165,1.2180191165045053,-0.7860049340236686,0.0,0.0,[-1.55783217 -1.51778281]
-20.322632,-111.15373523477636,-112.37175435128087,0.0,0.0,999
