angel,angular_velocity,angular_acc,motor1,motor2,action
-1.3115006400250653,0.6037961675319351,5.8754429637499355,0.0,0.0,[-2.62346481 -1.99866024]
-1.129803075103985,1.0798888268634224,0.47609265933148726,0.0,0.0,[-2.55902714 -2.00166324]
-1.293637305819595,-0.9609258525958916,-2.040814679459314,0.0,0.0,[-2.54224347 -2.00113736]
4.127558881053956,31.440497186701105,32.40142303929699,0.0,0.0,[-2.5130991  -1.96391906]
16.718997606256668,76.0359960995618,44.59549891286069,0.0,0.0,999
