angel,angular_velocity,angular_acc,motor1,motor2,action
-0.6330928391822978,-3.021901092596445,-5.248457672653107,0.0,0.0,[-2.99838394 -2.1407562 ]
-0.7960394814779288,-0.9444412633777992,2.077459829218646,0.0,0.0,[-2.96337248 -2.10744913]
-0.6484052840118987,0.8679138803222041,1.8123551437000032,0.0,0.0,[-2.93570038 -2.1744321 ]
-0.23816806327174725,2.4135042934079083,1.545590413085704,0.0,0.0,[-2.94060183 -2.18146128]
-0.4072817117885168,-0.9912255324304187,-3.404729825838327,0.0,0.0,[-2.9604939  -2.18169848]
-11.764609353173782,-65.77625502347756,-64.78502949104714,0.0,0.0,[-2.92429331 -2.2134091 ]
-24.41428863569783,-73.14771852096996,-7.3714634974924,0.0,0.0,999
