angel,angular_velocity,angular_acc,motor1,motor2,action
-0.6333936500236973,-4.278394530190245,-15.370883488247454,0.0,0.0,[-3.16816059 -2.18065101]
0.021411567105647174,4.122941520353076,8.401336050543321,0.0,0.0,[-3.19819231 -2.18661913]
-0.11903939070672537,-0.8912945676871274,-5.014236088040204,0.0,0.0,[-3.22817387 -2.17979976]
0.09981615933397424,1.3791639632049943,2.270458530892122,0.0,0.0,[-3.24347227 -2.16426582]
-0.15152932373724648,-1.5904990699290058,-2.969663033134,0.0,0.0,[-3.25670209 -2.19280457]
0.32105146998589246,2.995474651339002,4.585973721268008,0.0,0.0,[-3.28822429 -2.14003065]
-11.2792961747723,-72.20871057944582,-75.20418523078482,0.0,0.0,[-3.26097872 -2.16440775]
-24.374988815783478,-83.28251334581255,-11.073802766366725,0.0,0.0,999
