angel,angular_velocity,angular_acc,motor1,motor2,action
0.5433396554732659,7.462088096831147,6.237646797422348,0.0,0.0,[-3.29855434 -2.25925536]
0.6054465650986084,0.3857794507899552,-7.076308646041192,0.0,0.0,[-3.27165686 -2.27913839]
0.5926723114926647,-0.07979148280377465,-0.4655709335937298,0.0,0.0,[-3.31120349 -2.26484781]
0.5933260365421691,0.00414936568282057,0.08394084848659522,0.0,0.0,[-3.37960644 -2.25571899]
-1.756051702326781,-14.533951300295417,-14.538100665978238,0.0,0.0,[-3.38350337 -2.20814962]
-11.721511950550115,-62.65549478417253,-48.12154348387712,0.0,0.0,[-3.38735777 -2.21744758]
-25.04041122844273,-84.46201189720972,-21.806517113037188,0.0,0.0,999
