angel,angular_velocity,angular_acc,motor1,motor2,action
-0.2931827778287694,1.6751039435017567,-2.2583394251357523,0.0,0.0,[-2.50362522 -2.18728745]
0.028610193911909863,2.003588784133689,0.32848484063193206,0.0,0.0,[-2.52171454 -2.22769468]
-0.10799138567039812,-0.8533461495417026,-2.8569349336753915,0.0,0.0,[-2.52321995 -2.26539248]
0.071957594150852,1.1401718894939337,1.9935180390356364,0.0,0.0,[-2.55523313 -2.33818635]
-0.1078029763375356,-1.1286138460320727,-2.2687857355260066,0.0,0.0,[-2.60097957 -2.37846843]
-0.5111474967236842,-2.519539051538613,-1.3909252055065402,0.0,0.0,[-2.64840417 -2.39422861]
0.21735085953705308,4.5946158120765555,7.114154863615168,0.0,0.0,[-2.59600759 -2.395195  ]
7.329178440513796,44.86628011629923,40.271664304222675,0.0,0.0,[-2.63079545 -2.39540831]
16.105821413220315,54.556124577430325,9.689844461131095,0.0,0.0,999
