angel,angular_velocity,angular_acc,motor1,motor2,action
0.6966140605090049,13.2563349815765,14.197837450023291,0.0,0.0,[-3.12285401 -2.24960813]
-0.30942863140233917,-5.901648105028032,-19.15798308660453,0.0,0.0,[-3.10613512 -2.27281318]
-0.04971852204220378,1.5148651193054048,7.416513224333437,0.0,0.0,[-3.1640169  -2.34199221]
-0.2714977614102963,-1.2935746777896648,-2.80843979709507,0.0,0.0,[-3.13112043 -2.29541746]
-1.3489369466528844,-6.3136483950382365,-5.020073717248572,0.0,0.0,[-3.15492536 -2.30973796]
8.972266468982335,60.33822759598091,66.65187599101915,0.0,0.0,[-3.11521109 -2.30717187]
31.899829089336087,133.16674667246457,72.82851907648366,0.0,0.0,999
