angel,angular_velocity,angular_acc,motor1,motor2,action
1.2293963378315378,-3.6677552678865393,-4.981335744013512,0.0,0.0,[-2.69632548 -1.56915378]
0.08557172384554045,-6.598604168515346,-2.9308489006288063,0.0,0.0,[-2.72972595 -1.58122761]
-0.02169686486842818,-0.6330912659759824,5.965512902539363,0.0,0.0,[-2.71991411 -1.5459334 ]
0.8727238885134033,5.264943825581835,5.8980350915578175,0.0,0.0,[-2.70659547 -1.52660859]
2.9958940176415436,12.30662422027644,7.041680394694605,0.0,0.0,[-2.69804403 -1.51424149]
18.27021815233748,88.8127400051455,76.50611578486905,0.0,0.0,999
