angel,angular_velocity,angular_acc,motor1,motor2,action
0.663116897168794,-2.1970180272567896,-2.2091967541057125,0.0,0.0,[-2.99488411 -2.29238192]
1.437402119239099,4.56246809740079,6.759486124657579,0.0,0.0,[-2.9571354  -2.27963092]
0.5866682791371511,-4.933757286385033,-9.496225383785823,0.0,0.0,[-2.95699999 -2.28837559]
0.3912239906491598,-1.162136880028943,3.7716204063560896,0.0,0.0,[-2.96848437 -2.26319243]
0.651541451837204,1.5177133446818671,2.67985022471081,0.0,0.0,[-2.9903606  -2.27526548]
0.418629326822956,-1.3632033780556616,-2.8809167227375285,0.0,0.0,[-3.04152135 -2.27821579]
0.02919350629379674,-2.239996571309683,-0.8767931932540216,0.0,0.0,[-3.06062238 -2.3330209 ]
-0.18420117332673736,-1.2418825752116993,0.9981139960979839,0.0,0.0,[-3.04356374 -2.36894092]
-20.472774592254936,-120.61811876817563,-119.37623619296393,0.0,0.0,999
