angel,angular_velocity,angular_acc,motor1,motor2,action
-1.0211438914829973,2.000711398946732,2.341349296043858,0.0,0.0,[-2.77594566 -2.14667262]
-1.4887602966018687,-2.7827401661928364,-4.783451565139568,0.0,0.0,[-2.74627625 -2.14744678]
-2.1420015326749082,-3.810534357247593,-1.0277941910547566,0.0,0.0,[-2.7056057  -2.19520105]
-1.1459299013580015,5.757874304897465,9.568408662145057,0.0,0.0,[-2.65818559 -2.17455668]
-1.1636337390145766,-0.10600885000110387,-5.863883154898569,0.0,0.0,[-2.74341676 -2.16672345]
-1.0304273859006956,0.780588723036699,0.8865975730378028,0.0,0.0,[-2.73991849 -2.1605177 ]
6.2722912568965965,43.01862748904761,42.23803876601091,0.0,0.0,[-2.68536691 -2.15510254]
26.770101990659402,120.12833795854918,77.10971046950158,0.0,0.0,999
