angel,angular_velocity,angular_acc,motor1,motor2,action
-0.38079288669251943,2.6484051386172505,3.21314797252479,0.0,0.0,[-3.16182025 -2.30227045]
0.345995940697689,4.207322281555277,1.5589171429380269,0.0,0.0,[-3.14414414 -2.30026794]
0.5163673024542456,0.9852965573406413,-3.222025724214636,0.0,0.0,[-3.14048669 -2.31438464]
0.47775019114710526,-0.2250041041532735,-1.2103006614939147,0.0,0.0,[-3.1294659  -2.33609347]
-12.648171775650077,-76.39241961914217,-76.1674155149889,0.0,0.0,[-3.13394636 -2.31603875]
-28.539908042944457,-92.44228906618184,-16.04986944703967,0.0,0.0,999
