angel,angular_velocity,angular_acc,motor1,motor2,action
0.42892950303542654,0.28005282151432986,3.3232446126224886,0.0,0.0,[-2.45256051 -2.09327046]
0.4151666812473716,-0.08560226364387068,-0.36565508515820055,0.0,0.0,[-2.44657799 -2.09101888]
-1.3689203519876727,-11.218744244599216,-11.133141980955346,0.0,0.0,[-2.43330968 -2.07944991]
2.9859909432450125,27.345436542039014,38.56418078663823,0.0,0.0,[-2.47062205 -2.10241927]
17.514873496725215,91.47515102554314,64.12971448350413,0.0,0.0,999
