angel,angular_velocity,angular_acc,motor1,motor2,action
0.3903308956083882,0.29899430899307566,-0.4162945956891896,0.0,0.0,[-3.0602967  -2.11939963]
0.49028761284902,0.6213653311278586,0.32237102213478297,0.0,0.0,[-3.08305474 -2.1463919 ]
0.41186745647072476,-0.49653242694037,-1.1178977580682286,0.0,0.0,[-3.11976024 -2.16696596]
0.6048653885465807,1.183800128833665,1.680332555774035,0.0,0.0,[-3.06186472 -2.19840845]
0.3165438526070271,-1.8132405874623099,-2.9970407162959747,0.0,0.0,[-3.1164607  -2.21237945]
-1.9149668544765777,-14.099508282675442,-12.286267695213132,0.0,0.0,[-3.15429444 -2.20412525]
-19.159604686105236,-109.5061550509178,-95.40664676824235,0.0,0.0,999
