angel,angular_velocity,angular_acc,motor1,motor2,action
0.4062287220728743,-0.3645486336095543,-4.614422714415748,0.0,0.0,[-2.58166483 -1.67600073]
-1.0906531359024632,-8.796301186453265,-8.43175255284371,0.0,0.0,[-2.59713562 -1.6615671 ]
-1.3966191760861524,-1.8681746980523752,6.92812648840089,0.0,0.0,[-2.61661942 -1.67445242]
-0.9343941324798388,2.697988314819616,4.566163012871991,0.0,0.0,[-2.64184616 -1.69754928]
-1.7769028063596994,-5.141926402550776,-7.839914717370392,0.0,0.0,[-2.6803361  -1.69093069]
13.60158801626763,90.34231718705317,95.48424358960395,0.0,0.0,[-2.7203545  -1.67706449]
34.050725817285645,119.36641297091623,29.02409578386306,0.0,0.0,999
