angel,angular_velocity,angular_acc,motor1,motor2,action
2.5869115990021334,0.9605824030633187,0.9488977294340113,0.0,0.0,[-3.00862022 -2.38833638]
1.546620195632082,-6.009307929210732,-6.96989033227405,0.0,0.0,[-2.97981612 -2.34406224]
0.6648266327122947,-5.110451307667681,0.8988566215430511,0.0,0.0,[-2.9562344  -2.35733544]
0.7213757442215687,0.3327709586039999,5.443222266271681,0.0,0.0,[-2.920615   -2.34566844]
3.3921596784090036,15.314371288558181,14.981600329954182,0.0,0.0,[-2.92798232 -2.35364   ]
16.404746730609777,77.91943465480657,62.60506336624839,0.0,0.0,999
