angel,angular_velocity,angular_acc,motor1,motor2,action
0.2453190351356018,3.018895876897985,2.7390274019358696,0.0,0.0,[-3.33233486 -0.9769047 ]
0.8259596511075463,3.4463637147703197,0.42746783787233467,0.0,0.0,[-3.28439364 -0.97989173]
-0.13610494076759813,-5.672271241135702,-9.118634955906021,0.0,0.0,[-3.280626   -0.98966293]
-0.7280325688742543,-3.4515984611061357,2.2206727800295663,0.0,0.0,[-3.23129762 -0.99506877]
-0.3821456948004658,2.038057715128271,5.489656176234407,0.0,0.0,[-3.26500036 -1.02517185]
-0.6070444766478523,-1.2873918037900318,-3.325449518918303,0.0,0.0,[-3.27609197 -1.09727571]
-0.5287375543024624,0.4625645556651922,1.749956359455224,0.0,0.0,[-3.31586516 -1.1060721 ]
5.974148109556716,37.54431227893961,37.08174772327442,0.0,0.0,[-3.35635852 -1.10280494]
22.619047321921204,95.73680497680722,58.192492697867614,0.0,0.0,999
