angel,angular_velocity,angular_acc,motor1,motor2,action
-1.4219593766941854,1.1124690531820904,2.2123942365597418,0.0,0.0,[-3.45239771 -2.36150451]
0.5694293867664914,12.160962942888423,11.048493889706332,0.0,0.0,[-3.40205575 -2.36074871]
-0.5384204498048795,-6.570037470386209,-18.731000413274632,0.0,0.0,[-3.36108966 -2.36770403]
-0.12242355110986325,2.4081228563519694,8.978160326738179,0.0,0.0,[-3.30052799 -2.38863285]
0.17583953306405806,1.7566485484241703,-0.6514743079277991,0.0,0.0,[-3.28303333 -2.34474853]
-10.47266343797352,-62.52221739252164,-64.2788659409458,0.0,0.0,[-3.23830181 -2.28065332]
-29.959862964398397,-114.91854272786729,-52.39632533534565,0.0,0.0,999
