angel,angular_velocity,angular_acc,motor1,motor2,action
-0.6660009661623129,1.1724525370201813,0.6109966127419074,0.0,0.0,[-3.03842113 -2.2926014 ]
-0.4471690540955273,1.3018172644381283,0.12936472741794702,0.0,0.0,[-3.05288538 -2.28501566]
0.8499828416294322,7.362925039546342,6.061107775108214,0.0,0.0,[-3.01412604 -2.25620823]
0.6748064583660082,-1.0321033265401098,-8.395028366086452,0.0,0.0,[-3.07428087 -2.26463597]
0.3507798007698715,-1.8994026831591808,-0.867299356619071,0.0,0.0,[-3.13946912 -2.25981008]
-4.855453788166795,-30.403885141651752,-28.50448245849257,0.0,0.0,[-3.13975868 -2.27209217]
-24.6469597799562,-117.46386049419382,-87.05997535254207,0.0,0.0,999
