angel,angular_velocity,angular_acc,motor1,motor2,action
-0.2527465457017764,-3.017505187175626,-11.18450725188723,0.0,0.0,[-2.78985293 -2.13797928]
-0.2794371285982963,-0.15722187150066486,2.860283315674961,0.0,0.0,[-2.81773386 -2.13158697]
-1.0181344948872841,-4.510776140229194,-4.353554268728529,0.0,0.0,[-2.87017637 -2.11921631]
-1.6288317745314798,-3.5277745083548093,0.983001631874385,0.0,0.0,[-2.86453546 -2.11258301]
-0.7551147400515992,5.104040675648864,8.631815184003674,0.0,0.0,[-2.85829447 -2.07490827]
2.737483432387054,20.291691463969972,15.187650788321108,0.0,0.0,[-2.82361835 -2.07906099]
18.731957029545807,93.29597627253432,73.00428480856435,0.0,0.0,999
