angel,angular_velocity,angular_acc,motor1,motor2,action
-0.9039419636180847,-13.211375678157243,-27.78919447799868,0.0,0.0,[-2.62953105 -1.98427115]
-1.6567601579719757,-4.38242831227575,8.828947365881493,0.0,0.0,[-2.62020598 -2.01664266]
-1.3014931193188977,2.074106086044355,6.456534398320105,0.0,0.0,[-2.63844024 -1.98419057]
6.600308999510822,46.3568618440269,44.28275575798255,0.0,0.0,[-2.61207691 -1.9915939 ]
21.166127088755335,84.07307994262963,37.71621809860273,0.0,0.0,999
