angel,angular_velocity,angular_acc,motor1,motor2,action
0.15743972453886965,-7.528401911638456,-3.552089380013238,0.0,0.0,[-3.03035002 -1.57173639]
-0.1369275883086155,-1.735234218442109,5.793167693196347,0.0,0.0,[-2.99786398 -1.57777411]
0.21538500276522948,2.111017775778171,3.84625199422028,0.0,0.0,[-3.04428486 -1.54284797]
0.11498150119205053,-0.5897946380226644,-2.7008124138008354,0.0,0.0,[-3.04255819 -1.53733234]
-0.036206999251802145,-0.8872383355891967,-0.29744369756653233,0.0,0.0,[-3.04209362 -1.47761205]
7.318747680509678,43.24495142396863,44.132189759557825,0.0,0.0,[-2.98727924 -1.48315785]
27.01326835656504,115.2677752516092,72.02282382764056,0.0,0.0,999
