angel,angular_velocity,angular_acc,motor1,motor2,action
0.043082608810159635,4.9501126206324715,3.5160153462438166,0.0,0.0,[-3.78875938 -1.42829914]
0.12859379393981368,0.5438509403350638,-4.4062616802974075,0.0,0.0,[-3.79487937 -1.43130003]
0.6177537524486681,3.095552208655178,2.551701268320114,0.0,0.0,[-3.80534972 -1.45842596]
0.2564684261224746,-2.242752636827135,-5.3383048454823125,0.0,0.0,[-3.76827937 -1.41030113]
-0.23580114434938926,-3.1308997987899647,-0.8881471619628298,0.0,0.0,[-3.75006299 -1.44571955]
-0.7557170123997609,-3.2298934988856605,-0.09899370009569575,0.0,0.0,[-3.74770769 -1.44038231]
-0.3407554984857172,2.5880857666684944,5.817979265554155,0.0,0.0,[-3.76962778 -1.48765753]
-17.39140811371854,-107.93279212712686,-110.52087789379536,0.0,0.0,999
