angel,angular_velocity,angular_acc,motor1,motor2,action
1.722526910609064,10.761152746434385,12.7936491150876,0.0,0.0,[-3.4349049 -2.2157714]
0.05769903191206868,-9.703392648008295,-20.46454539444268,0.0,0.0,[-3.41701325 -2.18441496]
0.6395810962187315,3.504530764707131,13.207923412715425,0.0,0.0,[-3.3765816 -2.1939209]
0.37362333791629626,-1.5806437156971325,-5.085174480404263,0.0,0.0,[-3.32301794 -2.2206243 ]
0.522529028435423,0.8675144260777478,2.44815814177488,0.0,0.0,[-3.31537692 -2.18180645]
3.075353350419206,14.89967168687258,14.032157260794833,0.0,0.0,[-3.32254894 -2.16851759]
16.469082566592164,78.2756972078473,63.37602552097472,0.0,0.0,999
