angel,angular_velocity,angular_acc,motor1,motor2,action
-0.318615,0.13790151488063312,-1.207063474607606,0,0.0,[2.59225654]
-0.33133316,-0.12713333253890702,-2.649340357661448,2.5922565414255128,0.0,[2.65337678]
0.022166038,3.5345487779004157,36.61222963158004,2.6533767828862462,0.0,[2.6521798]
1.0226357,10.00151109246742,64.64903066954659,2.6521798013997055,0.0,[2.64003661]
2.5493565,14.387532438353087,41.333049205490404,2.640036613817233,0.0,[2.62678771]
5.183379,26.025290573042547,114.98611443739438,2.626787712761918,0.0,[2.58743556]
9.640233,44.54383636393964,185.08281808246818,2.5874355553913793,0.0,[2.6141013]
15.122122,52.234311106264656,73.27887650081053,2.614101295698304,0.0,999
