angel,angular_velocity,angular_acc,motor1,motor2,action
2.5423781434327566,16.650884282784343,22.17205667313749,0.0,0.0,[-3.53653225 -1.47424769]
1.465495812837054,-6.824165544981601,-23.475049827765943,0.0,0.0,[-3.55834306 -1.45799195]
0.6154143992967589,-5.397774389732366,1.4263911552492354,0.0,0.0,[-3.54565643 -1.46146979]
0.8422832209829189,1.4322456636682077,6.830020053400573,0.0,0.0,[-3.56197861 -1.48570366]
1.0277636291740593,1.1535160536481883,-0.2787296100200194,0.0,0.0,[-3.50361649 -1.50000905]
0.5487816955721414,-2.985534231968998,-4.139050285617186,0.0,0.0,[-3.47856849 -1.49128816]
0.39442737083834245,-0.9806477906166785,2.0048864413523195,0.0,0.0,[-3.4274989  -1.50280069]
0.16418746523676217,-1.4407999358811348,-0.46015214526445625,0.0,0.0,[-3.39518114 -1.53661803]
-38.3351050330286,-240.99572046409548,-239.55492052821435,0.0,0.0,999
