angel,angular_velocity,angular_acc,motor1,motor2,action
-0.5933350373618631,-2.236572416568712,-2.527532617614797,0.0,0.0,[-3.24177762 -2.14030094]
0.47360229609970744,6.7214380614386835,8.958010478007395,0.0,0.0,[-3.26421819 -2.13911047]
0.31399005294092014,-1.0039745384454302,-7.725412599884113,0.0,0.0,[-3.22869096 -2.14817848]
0.3606095784403714,0.289271382534004,1.2932459209794342,0.0,0.0,[-3.23810299 -2.22108644]
-0.8223923627403116,-7.361660755178895,-7.650932137712899,0.0,0.0,[-3.28934896 -2.21827421]
-9.525050013789752,-54.68272190693148,-47.32106115175258,0.0,0.0,[-3.29517477 -2.27543077]
-25.66625749576257,-102.1498350186545,-47.46711311172302,0.0,0.0,999
