angel,angular_velocity,angular_acc,motor1,motor2,action
1.866295542974424,-2.7123254507763224,0.9193029638592543,0.0,0.0,[-3.45016984 -1.45080073]
-0.490484023443769,-14.877399354256543,-12.16507390348022,0.0,0.0,[-3.4428422  -1.47696328]
-0.07913661318038044,2.6073519722437735,17.484751326500316,0.0,0.0,[-3.44302585 -1.45640518]
0.007163319848278373,0.5400494655752865,-2.067302506668487,0.0,0.0,[-3.3912161  -1.49264657]
3.752664710779264,23.41380207222972,22.873752606654435,0.0,0.0,[-3.43960982 -1.4919462 ]
17.920249472617286,89.12974488966057,65.71594281743086,0.0,0.0,999
