angel,angular_velocity,angular_acc,motor1,motor2,action
0.11452312714936752,1.7423842914871759,1.6089053124714077,0.0,0.0,[-3.73031219 -1.30598929]
-1.2982419000436134,-0.2675206587312176,-2.0099049502183934,0.0,0.0,[-3.71656202 -1.31233536]
-0.5501947691452866,4.682206294176934,4.949726952908152,0.0,0.0,[-3.74034724 -1.29806747]
-0.8031038652041665,-1.57107786276201,-6.253284156938944,0.0,0.0,[-3.72396773 -1.31826665]
-1.4893489543179521,-4.174837038850535,-2.6037591760885253,0.0,0.0,[-3.70618866 -1.34054448]
-0.869312730049461,3.883551729402269,8.058388768252804,0.0,0.0,[-3.74407254 -1.4102233 ]
-1.0743228985684783,-1.2945108820363336,-5.178062611438603,0.0,0.0,[-3.78914635 -1.4517078 ]
-9.12001059294981,-50.27615645575688,-48.98164557372055,0.0,0.0,[-3.81682235 -1.4368592 ]
-19.66506808680055,-65.29149486307149,-15.015338407314609,0.0,0.0,999
