angel,angular_velocity,angular_acc,motor1,motor2,action
-0.36307253047129817,-1.2327119107917885,-7.2500499520963215,0.0,0.0,[-2.93171992 -2.33243494]
-0.8267113159741901,-2.758224443913232,-1.5255125331214436,0.0,0.0,[-2.91540325 -2.40018437]
-0.4495949282488174,2.2330247811814687,4.991249225094701,0.0,0.0,[-2.90966057 -2.38225509]
-0.07794325161466575,2.129000516145298,-0.10402426503617068,0.0,0.0,[-2.87171272 -2.37090643]
-0.32251069577752906,-1.3990477564587227,-3.5280482726040208,0.0,0.0,[-2.90802973 -2.32659935]
-2.549301644406301,-12.955982442532775,-11.556934686074053,0.0,0.0,[-2.87820237 -2.33514268]
-16.681498948848414,-81.35517777138752,-68.39919532885474,0.0,0.0,999
