angel,angular_velocity,angular_acc,motor1,motor2,action
-2.3191895497554,1.2359992369460837,3.7186217307839233,0.0,0.0,[-2.92684827 -2.19180922]
-0.7225385086474713,9.35470917337029,8.118709936424207,0.0,0.0,[-2.92697454 -2.16844822]
-0.6136077785886698,0.6584101739931597,-8.696298999377131,0.0,0.0,[-2.96524369 -2.15718675]
-1.564310584686007,-5.467951696558254,-6.126361870551413,0.0,0.0,[-2.91504913 -2.16369134]
-5.395091025911427,-22.095784260077785,-16.627832563519533,0.0,0.0,[-2.85516131 -2.16265013]
-22.654923012592054,-99.38712062573622,-77.29133636565842,0.0,0.0,999
