angel,angular_velocity,angular_acc,motor1,motor2,action
-0.2336866342576206,1.416064456703117,-2.951505868525103,0.0,0.0,[-3.17960838 -1.33612829]
-0.5349275809099512,-1.7931086902640452,-3.2091731469671623,0.0,0.0,[-3.17107039 -1.3463088 ]
-0.45084372234179326,0.4922043330772696,2.2853130233413146,0.0,0.0,[-3.18337933 -1.33753863]
-0.20810890650912506,1.4414075214365938,0.9492031883593242,0.0,0.0,[-3.18134679 -1.33452426]
-0.4232177529685738,-1.2455452762760473,-2.686952797712641,0.0,0.0,[-3.19262268 -1.31434914]
0.6456542528767423,6.092900042001776,7.338445318277823,0.0,0.0,[-3.19914696 -1.294358  ]
0.8589672058481232,1.2533963350700108,-4.839503706931765,0.0,0.0,[-3.20400877 -1.28691594]
9.806343027828625,52.45848626912236,51.20508993405235,0.0,0.0,[-3.15356736 -1.26743791]
25.426787357400993,91.00402555415178,38.54553928502942,0.0,0.0,999
