angel,angular_velocity,angular_acc,motor1,motor2,action
-0.8673484769615879,1.595737868818375,1.5548962942993596,0.0,0.0,[-2.71297884 -1.64612169]
-2.6575308197988363,-10.396497694322989,-11.992235563141364,0.0,0.0,[-2.71286142 -1.60265467]
-1.1889605721504934,8.456987681702202,18.85348537602519,0.0,0.0,[-2.7153802  -1.53306246]
-1.2781471899818353,-0.5182267876122737,-8.975214469314476,0.0,0.0,[-2.69321421 -1.54565312]
-0.7501226731079146,3.1216370385929038,3.6398638262051772,0.0,0.0,[-2.66281878 -1.56120709]
8.33833763814657,53.30772174839206,50.18608470979916,0.0,0.0,[-2.71424326 -1.56409307]
26.93765394701457,108.19829458385732,54.89057283546526,0.0,0.0,999
