angel,angular_velocity,angular_acc,motor1,motor2,action
-1.9453172521498046,6.6810250727136165,21.037660750763585,0.0,0.0,[-2.36413218 -1.90844935]
-1.780985299764928,0.032815073112387814,-6.648209999601229,0.0,0.0,[-2.38256487 -1.96784656]
-1.343498839353334,2.6679217294556428,2.635106656343255,0.0,0.0,[-2.40780037 -2.04234144]
-0.3798480384913294,5.989896526791384,3.321974797335741,0.0,0.0,[-2.37997916 -2.02771592]
-0.291741358990702,0.5386091458190492,-5.451287380972334,0.0,0.0,[-2.4166135  -2.07334032]
0.6683103935104919,5.624995852194288,5.086386706375238,0.0,0.0,[-2.38984535 -2.06110794]
0.21962455593090996,-2.738898871073614,-8.3638947232679,0.0,0.0,[-2.41957611 -2.06863254]
-5.0342099259614805,-32.8755896443915,-30.136690773317888,0.0,0.0,[-2.45079394 -2.06999365]
-24.572921058926532,-123.14077534614836,-90.26518570175685,0.0,0.0,999
