angel,angular_velocity,angular_acc,motor1,motor2,action
-0.82905614,0.4541618410329001,8.15328692863969,0.0,0.0,[-0.34097972]
-1.062381,-2.3318722925671587,-27.84390439979046,0.0,0.34097971882608935,[-0.21799041]
-1.5140048,-4.515004349950542,-21.825357281844266,0.0,0.2179904060323109,[-0.36506579]
-2.2709491,-7.568133005008307,-30.526002747116006,0.0,0.3650657876987745,[-0.22633397]
-3.651773,-13.806145022336434,-62.37066264673018,0.0,0.2263339733242684,[-0.28809867]
-5.3708453,-17.1892234669235,-33.827832588607244,0.0,0.28809866951991125,[-0.18200574]
-7.7540693,-23.83169464047301,-66.42319142929477,0.0,0.1820057440276418,[-0.15867716]
-10.76601,-30.10558525152339,-62.71010999275791,0.0,0.158677160694211,[-0.01336907]
-16.08422,-53.15212299275378,-230.3354455656356,0.0,0.0476031482082633,999
