angel,angular_velocity,angular_acc,motor1,motor2,action
-1.2920518347844898,-2.3490002373697676,-5.158247470454075,0.0,0.0,[-3.33885975 -2.21263901]
-1.487902044846508,-1.1737473790559538,1.1752528583138138,0.0,0.0,[-3.39815832 -2.20591741]
-0.7829459104193002,4.119919539034694,5.293666918090647,0.0,0.0,[-3.43494469 -2.19674046]
-0.19327359013112658,3.526374356857041,-0.5935451821776527,0.0,0.0,[-3.4346267  -2.20048064]
-0.1513755840363428,0.2430177984469914,-3.2833565584100497,0.0,0.0,[-3.45713877 -2.19132646]
-3.4371113746431794,-18.86874763922585,-19.111765437672844,0.0,0.0,[-3.49480828 -2.16867368]
-14.423743645523954,-63.89519104976882,-45.02644341054297,0.0,0.0,[-3.54726735 -2.23736944]
-31.34564839466646,-100.20501476336067,-36.30982371359185,0.0,0.0,999
