angel,angular_velocity,angular_acc,motor1,motor2,action
1.2999252703432786,-3.330720238584674,-12.065095376026076,0.0,0.0,[-3.71765191 -1.41514031]
0.021250737965749025,-8.035222907685466,-4.704502669100791,0.0,0.0,[-3.76730857 -1.38474999]
-0.8088072796949625,-5.137191332707292,2.898031574978174,0.0,0.0,[-3.79286869 -1.38311665]
-0.8233624354095467,-0.08998851400828327,5.0472028186990086,0.0,0.0,[-3.77469794 -1.42063943]
0.5152299087293437,8.38138456601643,8.471373080024714,0.0,0.0,[-3.80542161 -1.38926182]
24.349457052958336,150.39792120830498,142.01653664228854,0.0,0.0,999
