angel,angular_velocity,angular_acc,motor1,motor2,action
-1.2349594079890405,0.9825003913523958,2.476999492099406,0.0,0.0,[-2.52883354 -1.97217978]
-2.5146360879686944,-7.65058636033842,-8.633086751690815,0.0,0.0,[-2.56652529 -1.98482699]
-1.313443176325781,7.242524814056064,14.893111174394484,0.0,0.0,[-2.6056872  -1.94979859]
-1.3536398463959907,-0.23947832876739042,-7.482003142823454,0.0,0.0,[-2.58144077 -1.93183918]
-0.9451366403595745,2.4132376018019346,2.652715930569325,0.0,0.0,[-2.57731793 -1.91890813]
-1.4624374523493087,-3.0067346687542735,-5.419972270556208,0.0,0.0,[-2.59008904 -1.90472499]
6.964255892165788,49.278357693128115,52.28509236188239,0.0,0.0,[-2.59481508 -1.8737863 ]
13.960229106354957,41.819501123281924,-7.458856569846191,0.0,0.0,[-2.60568534 -1.88111235]
16.997451280337934,17.99087552338567,-23.828625599896252,0.0,0.0,999
