angel,angular_velocity,angular_acc,motor1,motor2,action
-2.4712014744169823,2.127117795042196,2.4120593301300315,0.0,0.0,[-3.22651675 -2.29320758]
-0.8274077928723261,9.714124066290493,7.587006271248297,0.0,0.0,[-3.18457722 -2.28471183]
-0.9103453528162871,-0.5036832914011949,-10.217807357691688,0.0,0.0,[-3.21095852 -2.2966924 ]
-0.8261888028291651,0.5133033101200972,1.016986601521292,0.0,0.0,[-3.2204371  -2.29176433]
-7.089408282545954,-38.08350079828536,-38.59680410840545,0.0,0.0,[-3.21172708 -2.2747913 ]
-23.50611850875738,-96.87766650670548,-58.794165708420124,0.0,0.0,999
