angel,angular_velocity,angular_acc,motor1,motor2,action
-0.2371500264483286,2.7614377667358396,4.968972504643053,0.0,0.0,[-2.74185332 -1.58337164]
-3.2718234053444615,-18.034408253831664,-20.795846020567502,0.0,0.0,[-2.77049303 -1.61816621]
-1.1546240539706436,12.547533015409433,30.5819412692411,0.0,0.0,[-2.78345789 -1.63158308]
-1.0788806626682772,0.432038416919044,-12.11549459849039,0.0,0.0,[-2.76506415 -1.63910828]
-0.3739019028101718,4.1405617645941994,3.7085233476751553,0.0,0.0,[-2.75644729 -1.61210576]
13.189824687117238,81.00640427603626,76.86584251144207,0.0,0.0,[-2.71754524 -1.5947777 ]
26.234853960924227,74.83749952229915,-6.16890475373711,0.0,0.0,999
