angel,angular_velocity,angular_acc,motor1,motor2,action
0.30130424149716195,-4.732908617457505,-4.7174312327268,0.0,0.0,[-2.92644592 -2.15758166]
0.17200611079590708,-0.7613649234624974,3.9715436939950073,0.0,0.0,[-2.94683866 -2.16198516]
0.12893842776988423,-0.2469560348818937,0.5144088885806037,0.0,0.0,[-2.91669212 -2.18150041]
0.36098047392483557,1.379841838034952,1.6267978729168457,0.0,0.0,[-2.94422138 -2.17076567]
0.27517111528196564,-0.504364589559894,-1.884206427594846,0.0,0.0,[-2.91249208 -2.19619295]
3.6147717674747404,19.42396413139671,19.928328720956603,0.0,0.0,[-2.93510001 -2.18634947]
31.178519783623443,163.8297725289291,144.4058083975324,0.0,0.0,999
