angel,angular_velocity,angular_acc,motor1,motor2,action
1.695382149954982,11.639001162121243,11.47863026844807,0.0,0.0,[-3.65579079 -1.42327537]
0.25464230268975657,-9.134030306710628,-20.77303146883187,0.0,0.0,[-3.69110067 -1.41597992]
-0.9073352723141196,-7.203096600329669,1.9309337063809586,0.0,0.0,[-3.69379172 -1.42658071]
-1.459735056163202,-3.4672630018621438,3.7358335984675253,0.0,0.0,[-3.69185216 -1.37549486]
-0.8153145438181354,3.9881950950696194,7.455458096931763,0.0,0.0,[-3.70119188 -1.38007842]
2.4908105147956188,20.784679081078263,16.796483986008642,0.0,0.0,[-3.68506691 -1.36834244]
9.813987260403396,46.250189373906906,25.465510292828643,0.0,0.0,[-3.70965865 -1.39834106]
26.845157005224426,108.0068634745402,61.75667410063329,0.0,0.0,999
