angel,angular_velocity,angular_acc,motor1,motor2,action
-1.2530067473489581,-13.987195250377184,-13.826037316225788,0.0,0.0,[-2.90142175 -2.16787107]
-1.5050743347748596,-1.4772905418453113,12.509904708531872,0.0,0.0,[-2.87316986 -2.16943984]
-0.4070036353794355,6.42432327590193,7.901613817747242,0.0,0.0,[-2.86838804 -2.17449777]
-0.3370875486407128,0.40614168286745933,-6.018181593034471,0.0,0.0,[-2.8565233  -2.16420457]
-0.2959087179076165,0.23734742503266965,-0.16879425783478968,0.0,0.0,[-2.88816534 -2.1570288 ]
1.6483183497722447,11.500738821953542,11.263391396920872,0.0,0.0,[-2.90582617 -2.17545798]
19.408934473954194,105.73461993510706,94.23388111315352,0.0,0.0,999
