angel,angular_velocity,angular_acc,motor1,motor2,action
0.35716166631216395,2.91769101285922,3.8937160970208953,0.0,0.0,[-2.86059676 -2.14166118]
0.2726828415107482,-0.5318423681574069,-3.449533381016627,0.0,0.0,[-2.89657105 -2.16073087]
0.47276143674522153,1.2524538977792756,1.7842962659366826,0.0,0.0,[-2.94630321 -2.14416323]
0.11467559715998998,-2.2414956269365183,-3.493949524715794,0.0,0.0,[-2.95205323 -2.14246212]
0.5125539855325467,2.4474460644800615,4.68894169141658,0.0,0.0,[-2.96872727 -2.16469051]
0.6856112304030929,1.0954263501108645,-1.352019714369197,0.0,0.0,[-3.0196537  -2.17398855]
1.5046489800551555,5.108432743992928,4.013006393882064,0.0,0.0,[-3.00908471 -2.13804744]
-17.319689256876075,-117.90011776500253,-123.00855050899546,0.0,0.0,999
