angel,angular_velocity,angular_acc,motor1,motor2,action
-0.4487187150719345,0.29914060538600884,4.896906717175591,0.0,0.0,[-3.01411272 -2.36113688]
0.007322743730650314,2.6633701553812026,2.3642295499951937,0.0,0.0,[-3.01629491 -2.33941655]
-0.4902330519396091,-2.9879278281479285,-5.6512979835291315,0.0,0.0,[-3.03345022 -2.30740656]
0.41660744172218356,5.412732063189397,8.400659891337325,0.0,0.0,[-3.00963712 -2.29218454]
0.6328541758246492,1.2434735675213844,-4.1692584956680125,0.0,0.0,[-2.96950395 -2.29050488]
-2.8300029129799893,-20.485983276117793,-21.729456843639177,0.0,0.0,[-2.96422245 -2.2794642 ]
-15.63396432924125,-74.59107133451894,-54.10508805840115,0.0,0.0,999
