angel,angular_velocity,angular_acc,motor1,motor2,action
-1.0422431803675276,0.33273119074438673,-1.725782866648574,0.0,0.0,[-3.08861299 -2.24057175]
0.35665896558075305,8.173648479422408,7.840917288678021,0.0,0.0,[-3.09385106 -2.30634789]
0.7434942727035326,2.319046822459887,-5.8546016569625206,0.0,0.0,[-3.10747168 -2.30658232]
0.3001885698339804,-2.5627806699276308,-4.881827492387518,0.0,0.0,[-3.07695988 -2.31214315]
-2.3041762063979014,-15.085578548890194,-12.522797878962564,0.0,0.0,[-3.07799082 -2.3184048 ]
-18.199725396607786,-94.13969219723229,-79.0541136483421,0.0,0.0,999
