angel,angular_velocity,angular_acc,motor1,motor2,action
0.9059251278849626,8.680885520984521,19.407990719800047,0.0,0.0,[-2.89032102 -2.2205784 ]
-0.39546166467710814,-7.575088512200362,-16.255974033184884,0.0,0.0,[-2.89930994 -2.23632303]
0.42501581825433893,4.763458466772927,12.33854697897329,0.0,0.0,[-2.89588166 -2.20974996]
0.7483148379812576,1.9068097016165442,-2.8566487651563826,0.0,0.0,[-2.92409282 -2.2569897 ]
0.650868395944328,-0.5772457413032689,-2.484055442919813,0.0,0.0,[-2.93663581 -2.26077967]
2.075218839277006,8.235255110880786,8.812500852184055,0.0,0.0,[-2.93906631 -2.26092382]
11.974225022837354,57.1760821624361,48.94082705155532,0.0,0.0,[-2.91231357 -2.23117237]
24.295773289242348,71.65292797729461,14.476845814858507,0.0,0.0,999
