angel,angular_velocity,angular_acc,motor1,motor2,action
-0.7599496,3.339047962738195,1.2940673287227948,0.0,0.0,[-1.59770517 -1.59000166]
-2.8266013,-11.792154312665714,-15.131202275403908,0.0,0.0,[-1.6121632  -1.59400819]
-2.7386675,0.5172732500245438,12.309427562690258,0.0,0.0,[-1.56228175 -1.56503626]
-2.7420309,-0.019805497018716034,-0.5370787470432599,0.0,0.0,[-1.57424069 -1.61113646]
2.1681402,28.385057384132566,28.40486288115128,0.0,0.0,[-1.61640786 -1.61850257]
13.293976,63.99409772219251,35.60904033805994,0.0,0.0,[-1.66229246 -1.63594105]
23.532448,60.19234294973326,-3.8017547724592475,0.0,0.0,999
