angel,angular_velocity,angular_acc,motor1,motor2,action
-0.0933701,-2.8747556818858975,-10.264809464427874,0.0,0.0,[0.21684613 0.11241448]
-0.7802392,-6.864377379709979,-39.871159096080326,0.21684612780942056,0.11241448065826357,[0.24837255 0.09826856]
-1.539725,-7.591914069109828,-7.272547555599221,0.24837255324841576,0.09826856297714001,[0.21478571 0.17067501]
-2.5677042,-10.277891005654242,-26.854800883072507,0.21478571129970142,0.17067500552298143,[0.23024775 0.18881549]
-4.156824,-15.888600449583908,-56.097919335950685,0.23024774556436794,0.18881548751945298,[0.18183096 0.22029383]
-6.459285,-23.01058410335346,-71.17646175221533,0.18183096452538736,0.22029383158046212,[0.19766838 0.244439  ]
-9.636005,-31.76526739395789,-87.54148979753614,0.19766837559939635,0.24443900325142232,[0.21290875 0.19602055]
-15.203342,-55.6617451456195,-238.91487902713422,0.2129087532672709,0.19602055092691886,999
