angel,angular_velocity,angular_acc,motor1,motor2,action
-0.9375723803572886,-6.695966821882583,-9.477033421303442,0.0,0.0,[-3.14897198 -1.30560207]
4.188154844970668,30.638116416919907,37.33408323880249,0.0,0.0,[-3.17903121 -1.31432329]
-0.24975130565041304,-25.773138341361246,-56.41125475828115,0.0,0.0,[-3.19145081 -1.31155271]
0.12891178062352518,2.196752782422864,27.96989112378411,0.0,0.0,[-3.2225082  -1.31010006]
0.043847800372921734,-0.49931591894857297,-2.696068701371437,0.0,0.0,[-3.15964742 -1.27913598]
-3.0859192921794647,-17.870607982859124,-17.371292063910552,0.0,0.0,[-3.18547452 -1.25667983]
-16.488673302912254,-78.9589577406333,-61.08834975777417,0.0,0.0,999
