angel,angular_velocity,angular_acc,motor1,motor2,action
0.9746200919850327,-1.081610975315544,-1.7591964492726446,0.0,0.0,[-3.85791117 -1.35429463]
-0.26550913041318924,-7.882927793243755,-6.80131681792821,0.0,0.0,[-3.85513433 -1.34421357]
-1.681206048309901,-8.899421697406472,-1.0164939041627177,0.0,0.0,[-3.84932299 -1.32292688]
-0.986498431605434,4.397693457334853,13.297115154741325,0.0,0.0,[-3.86849924 -1.33562251]
-0.6205331497337481,2.2626354779643543,-2.1350579793704987,0.0,0.0,[-3.87655987 -1.30447556]
13.997116072132268,90.79042471708101,88.52778923911666,0.0,0.0,[-3.89233829 -1.30047832]
25.599466083887116,73.39682494227712,-17.39359977480389,0.0,0.0,999
