angel,angular_velocity,angular_acc,motor1,motor2,action
-0.035814980279557214,8.256020721700606,8.74897219740106,0.0,0.0,[-3.15316335 -1.01014619]
0.2425893253173565,1.6551603159503747,-6.600860405750232,0.0,0.0,[-3.17581773 -1.04443208]
-0.7371923455944409,-5.943147388287885,-7.59830770423826,0.0,0.0,[-3.19908654 -1.01964333]
-0.7087599642578303,0.1672323402612681,6.1103797285491535,0.0,0.0,[-3.22816838 -1.0298619 ]
-0.3374942793010383,2.1906215630563066,2.0233892227950383,0.0,0.0,[-3.24312468 -1.01574728]
0.021346007485030325,2.164444222667645,-0.02617734038866182,0.0,0.0,[-3.28907296 -1.0652757 ]
-12.615313118855083,-73.6854111425465,-75.84985536521414,0.0,0.0,[-3.30520751 -1.068475  ]
-18.540897866698874,-34.368527559479396,39.3168835830671,0.0,0.0,999
