angel,angular_velocity,angular_acc,motor1,motor2,action
-0.7983657134047372,-1.0325170513748891,-2.4814222150095335,0.0,0.0,[-2.91934212 -1.495109  ]
-0.06471469451589218,4.240474439415483,5.272991490790373,0.0,0.0,[-2.90572011 -1.47454621]
-0.15115050051163348,-0.5211598101181532,-4.761634249533636,0.0,0.0,[-2.87749986 -1.43354954]
-0.34987442054741585,-1.1448852691129492,-0.623725458994796,0.0,0.0,[-2.86259987 -1.3883923 ]
-0.634958415350652,-1.6644982540232534,-0.5196129849103042,0.0,0.0,[-2.85241064 -1.38893857]
-1.1737818383852505,-3.2054629838573088,-1.5409647298340554,0.0,0.0,[-2.87160142 -1.3953284 ]
-22.584678152240823,-126.43419724417475,-123.22873426031745,0.0,0.0,999
