angel,angular_velocity,angular_acc,motor1,motor2,action
-0.9077037593723811,-0.42798920383753075,-5.567099057770093,0.0,0.0,[-3.04317744 -2.33573044]
-0.2062645672856153,4.159472834694528,4.587462038532059,0.0,0.0,[-3.06030214 -2.38230799]
-0.36679368622564595,-0.9227302045477419,-5.08220303924227,0.0,0.0,[-3.06360952 -2.35725729]
-0.3680041053710111,-0.0070656085784370545,0.9156645959693048,0.0,0.0,[-3.00981434 -2.35940093]
-1.7324538067868616,-7.909256909398522,-7.902191300820085,0.0,0.0,[-2.98261847 -2.37537306]
-22.48397168506559,-122.52116003808594,-114.61190312868742,0.0,0.0,999
