angel,angular_velocity,angular_acc,motor1,motor2,action
-1.1474867,-2.7430898174763207,-6.456718287643458,0.0,0.0,[0.19384609 0.21137187]
-1.6270351,-4.794928947575444,-20.516014081113177,0.1938460903585314,0.2113718742395639,[0.18043719 0.24262128]
-2.1879306,-5.606246410553984,-8.109257566113106,0.1804371901346947,0.24262128056316493,[0.21831175 0.23591453]
-3.0149138,-8.267533792399899,-26.60547760042581,0.21831175034357633,0.23591453338024312,[0.20860878 0.20428744]
-4.6717014,-16.55916702212076,-82.87274526201803,0.2086087795110344,0.20428743568359403,[0.20304008 0.20488227]
-6.9940677,-23.218868365286745,-66.58326595214606,0.2030400789997495,0.20488226840524673,[0.18238714 0.11724324]
-10.258143,-32.6240655792396,-94.00387540724019,0.18238714237395462,0.11724323680214513,[0.17646645 0.13669465]
-14.956309,-46.950249099975935,-143.16605675276202,0.1764664476319686,0.13669465324731098,[0.16953303 0.1385028 ]
-19.446274,-44.884277862784636,20.652641546035774,0.16953303241800094,0.13850280358031752,999
