angel,angular_velocity,angular_acc,motor1,motor2,action
-1.8152720014200354,-3.0624773457381567,-1.827939971677118,0.0,0.0,[-2.55116201 -1.85244059]
-1.5284989946651526,1.6643049642513643,4.726782309989521,0.0,0.0,[-2.55593223 -1.81760276]
-1.520011293565903,0.050327266736484896,-1.6139776975148794,0.0,0.0,[-2.57096072 -1.81175865]
-1.2222146793670976,1.7350560920703246,1.6847288253338397,0.0,0.0,[-2.55056238 -1.80498862]
-7.6960889605119345,-37.984322470900395,-39.71937856297072,0.0,0.0,[-2.56646407 -1.77823608]
-20.858977604169954,-76.72072796124773,-38.73640549034734,0.0,0.0,999
