angel,angular_velocity,angular_acc,motor1,motor2,action
1.9161793045780096,-2.384214455427853,-2.263896813220329,0.0,0.0,[-3.02841767 -2.3468981 ]
0.8647171268233036,-6.212146677679969,-3.827932222252116,0.0,0.0,[-3.00162881 -2.28566977]
0.014302465778705264,-5.040945772561605,1.171200905118364,0.0,0.0,[-2.96348557 -2.27253087]
1.4806779634084564,8.438509622269619,13.479455394831223,0.0,0.0,[-3.00424033 -2.22978387]
1.987959455025785,3.0082835736676783,-5.4302260486019405,0.0,0.0,[-2.99685913 -2.2317864 ]
-2.418784163550547,-25.915939851807398,-28.924223425475077,0.0,0.0,[-2.97799491 -2.26908961]
25.734511471520022,165.05568857190647,190.97162842371387,0.0,0.0,999
