angel,angular_velocity,angular_acc,motor1,motor2,action
0.05726557109340592,1.7349016032678992,-1.6224701162772195,0.0,0.0,[-3.0804103  -1.53654602]
0.7216718664197019,3.8595012230760326,2.1245996198081336,0.0,0.0,[-3.07155746 -1.53028908]
0.8313025021706797,0.6468853422387258,-3.2126158808373066,0.0,0.0,[-3.08938388 -1.55951892]
0.37413928090035387,-2.679633648455248,-3.326518990693974,0.0,0.0,[-3.06025554 -1.55408698]
0.7035384147001086,1.9080845055054179,4.587718153960666,0.0,0.0,[-3.04058117 -1.58121201]
0.6005614536010685,-0.5966837323212826,-2.5047682378267004,0.0,0.0,[-3.01696927 -1.55270936]
-2.008130651972332,-15.192006560701861,-14.595322828380578,0.0,0.0,[-3.04862682 -1.55676675]
-13.966137059518184,-71.10717090809426,-55.9151643473924,0.0,0.0,[-3.00707244 -1.55686058]
-22.84210553604642,-51.329703598016074,19.777467310078187,0.0,0.0,999
