angel,angular_velocity,angular_acc,motor1,motor2,action
-1.4548870711753388,-3.8477052925067556,-2.0818260739491015,0.0,0.0,[-3.14762642 -1.23672598]
-2.5383819421349845,-6.435164693302491,-2.5874594007957357,0.0,0.0,[-3.19152592 -1.25468966]
-0.0654386576065184,14.226780131415746,20.661944824718237,0.0,0.0,[-3.2102403  -1.27143719]
-0.6916740374137562,-3.7239348089447093,-17.950714940360456,0.0,0.0,[-3.17785038 -1.29698123]
0.007174369830847147,4.1677380444839125,7.891672853428622,0.0,0.0,[-3.16188185 -1.32337363]
-1.213859102410912,-7.021194399860573,-11.188932444344484,0.0,0.0,[-3.15431542 -1.30928423]
-10.501137644424949,-53.280030334454416,-46.25883593459385,0.0,0.0,[-3.1569207 -1.3317033]
-18.393014218242136,-45.935616284714726,7.34441404973969,0.0,0.0,999
