angel,angular_velocity,angular_acc,motor1,motor2,action
-0.3523205919033364,5.282210620395845,0.9291076911116614,0.0,0.0,[-2.82988826 -2.07578045]
-1.8865688292431577,-9.421862056300924,-14.704072676696768,0.0,0.0,[-2.89439991 -2.09040275]
-0.6632138688629908,7.187613959330053,16.609476015630978,0.0,0.0,[-2.86473708 -2.06440198]
-0.8346174828147858,-1.0160176708274897,-8.203631630157544,0.0,0.0,[-2.85849224 -2.09269801]
-0.608095657209498,1.314100731286175,2.3301184021136647,0.0,0.0,[-2.88495273 -2.07387312]
-0.007161070107907753,3.468684629246122,2.154583897959947,0.0,0.0,[-2.93472368 -2.11647206]
-0.7000101274059285,-4.074763658879402,-7.543448288125523,0.0,0.0,[-2.9527495  -2.17818091]
-2.6871773162503136,-11.715979956281826,-7.6412162974024245,0.0,0.0,[-2.96071765 -2.11223586]
-20.32162382781622,-105.84417860433761,-94.12819864805579,0.0,0.0,999
