angel,angular_velocity,angular_acc,motor1,motor2,action
0.1860955974766016,7.396891407983761,12.495519016917136,0.0,0.0,[-2.91707078 -2.20148715]
0.8738080467982692,4.096206771885205,-3.3006846360985556,0.0,0.0,[-2.87158887 -2.19474911]
0.5698132941215118,-1.8162278066907882,-5.9124345785759935,0.0,0.0,[-2.89000753 -2.19519046]
-0.3250065569720867,-5.194040967691482,-3.3778131610006934,0.0,0.0,[-2.84557345 -2.17825593]
0.08617255875837561,2.4253051088114597,7.619346076502941,0.0,0.0,[-2.88187154 -2.16360291]
-0.3849065885228788,-2.7227891865023603,-5.14809429531382,0.0,0.0,[-2.88966356 -2.18999504]
-20.512285880454904,-115.67156573010034,-112.94877654359799,0.0,0.0,999
