angel,angular_velocity,angular_acc,motor1,motor2,action
0.13050120379821975,-5.587664318771492,-4.139840302547603,0.0,0.0,[-3.15554792 -1.14461494]
0.5583369595227174,2.5399191822007445,8.127583500972236,0.0,0.0,[-3.18185547 -1.12544546]
-0.3205826034999481,-5.189676887345031,-7.729596069545775,0.0,0.0,[-3.18243904 -1.13601547]
-0.3942698697965373,-0.42292727739791613,4.766749609947115,0.0,0.0,[-3.16658118 -1.13271478]
-0.5190947788731797,-0.7403022774368757,-0.3173750000389596,0.0,0.0,[-3.17423845 -1.11041732]
7.32129882645466,45.98180898690526,46.72211126434213,0.0,0.0,[-3.18477157 -1.09667294]
22.351795980411044,88.14109058410457,42.15928159719932,0.0,0.0,999
