angel,angular_velocity,angular_acc,motor1,motor2,action
-1.6983046518517162,-6.099220928512814,-3.29971461361148,0.0,0.0,[-3.93700826 -1.46532901]
-0.7223581484774436,5.767552150514173,11.866773079026988,0.0,0.0,[-3.92299081 -1.45770901]
0.22819800337172547,5.669514235106144,-0.09803791540802909,0.0,0.0,[-3.92012984 -1.48362378]
0.3864767696045623,0.9345519564354636,-4.734962278670681,0.0,0.0,[-3.94470877 -1.47773083]
0.4156834030191408,0.1711153783451604,-0.7634365780903032,0.0,0.0,[-3.93454543 -1.48049957]
-8.953823605245534,-54.09448398137947,-54.26559935972463,0.0,0.0,[-3.96396081 -1.4912949 ]
-30.113816924238552,-121.03432493651862,-66.93984095513915,0.0,0.0,999
