angel,angular_velocity,angular_acc,motor1,motor2,action
0.41219008,-1.2048566757545138,3.880154920255848,0.0,0.0,[0.         0.36966073]
0.35925075,-0.5291023588086574,6.753829959379769,0.0,0.3696607327388969,[0.         0.37190954]
0.009526558,-3.4953952918132165,-29.647265625024435,0.0,0.37190954211724997,[0.         0.36772581]
-0.89556533,-9.046635242082887,-55.486126860574174,0.0,0.3677258066640735,[0.         0.36115978]
-1.9441104,-10.480114096710546,-14.327492097778608,0.0,0.36115977573475005,[0.         0.35939301]
-3.4843729,-15.39306060887653,-49.0989590145222,0.0,0.3593930127629963,[0.         0.29997526]
-6.0702486,-25.849476024891498,-104.52662300021508,0.0,0.2999752564971044,[0.         0.31434158]
-9.99719,-39.2668348201727,-134.1647594383302,0.0,0.3143415842799261,[0.         0.32771041]
-15.718157,-57.18326883114407,-179.08167987997177,0.0,0.32771041150799374,999
