angel,angular_velocity,angular_acc,motor1,motor2,action
0.1029728,0.45909417813117576,-6.563991492026993,0.0,0.0,[0.         0.35917319]
0.10468304,0.017100616842481674,-4.419465670391358,0.0,0.3591731875000566,[0.         0.37225583]
-0.4163092,-5.180961413075692,-51.69166585106731,0.0,0.3722558283095263,[0.         0.31061787]
-1.1810181,-7.645710669215696,-24.643050788367855,0.0,0.31061787012462344,[0.         0.30143171]
-2.4253032,-12.295845162506332,-45.95195539056152,0.0,0.3014317101331424,[0.         0.28005072]
-4.7259555,-22.999032335717537,-106.99702496466226,0.0,0.2800507204967357,[0.         0.23404556]
-7.653449,-29.265962594057093,-62.65009367043642,0.0,0.23404556270581525,[0.         0.22576026]
-11.08614,-34.321047337080635,-50.542219484061135,0.0,0.22576026463570223,[0.         0.20684113]
-15.173462,-40.85631214192429,-65.32561012767982,0.0,0.2068411277784866,999
