angel,angular_velocity,angular_acc,motor1,motor2,action
-1.0752052,1.4304983580764166,1.856271428045169,0.0,0,[1.22400631]
-1.4498729,-4.6807414269161915,-6.111239784992608,0.0,1.2240063095092775,[3.]
-1.8514768,-5.016973938942666,-0.3362325120264744,0.0,3.0,[-2.17249928]
-2.7756526,-11.542955454374905,-6.525981515432239,2.1724992847442626,0.75,[-2.17249928]
-3.6315863,-10.696407661985932,0.8465477923889733,2.1724992847442626,0.1875,[-2.17249928]
-4.705609,-13.424254253955956,-2.7278465919700245,2.1724992847442626,0.046875,[-2.17249928]
-6.101676,-17.450439872210566,-4.02618561825461,2.1724992847442626,0.01171875,[-2.17249928]
-8.066197,-24.54352112759962,-7.093081255389055,2.1724992847442626,0.0029296875,[-2.17249928]
-10.001876,-24.18634524752888,0.3571758800707414,2.1724992847442626,0.000732421875,999
