angel,angular_velocity,angular_acc,motor1,motor2,action
-0.67923754,-0.8627664899004945,0.4405289368257184,0.0,0.0,[0.         0.52895231]
-0.63304514,0.46192231398653416,13.246837506195472,0.0,0.5289523103213079,[0.         0.51128595]
-0.55963284,0.7338944754159705,2.718875025496008,0.0,0.5112859528287582,[0.         0.48070691]
-1.0909715,-5.310087064054269,-60.402286317615065,0.0,0.48070691231756507,[0.         0.46061594]
-2.0215175,-9.117630019319225,-37.306878175441994,0.0,0.46061593963201775,[0.        0.4332046]
-3.7854404,-17.63134326935451,-85.09906996238482,0.0,0.4332046035761572,[0.         0.44712587]
-6.305768,-25.189786848720974,-75.54398288763646,0.0,0.4471258673152249,[0.         0.43623659]
-9.949258,-36.4176546425533,-112.22553922427217,0.0,0.43623659345193116,[0.         0.44865549]
-15.751776,-58.0140306213663,-215.9222670047729,0.0,0.44865548675385436,999
