angel,angular_velocity,angular_acc,motor1,motor2,action
-0.74589556,-1.8903490473375038,-10.273117280210334,0,0.0,[0.13666873]
-1.2516677,-5.056979036548968,-31.661649877160002,0.13666872998970248,0.0,[0.06091587]
-2.1735003,-9.217323517912824,-41.59892222573483,0.06091586733630572,0.0,[0.15178689]
-3.5422645,-13.16181591840197,-37.92960416826092,0.1517868888605477,0.0,[0.16668409]
-5.6229186,-20.797834158710792,-76.32822659685574,0.16668409451737454,0.0,[0.11981414]
-8.78591,-31.628884904778708,-108.306995614279,0.11981414487671616,0.0,[0.11357353]
-13.37326,-43.46372702937755,-112.13148325010657,0.11357353310411311,0.0,[0.31347892]
-17.117554,-37.42236710106491,60.38040254577251,0.3134789236411928,0.0,999
