angel,angular_velocity,angular_acc,motor1,motor2,action
0.7164564041715963,8.292740346532714,9.891859325534975,0.0,0.0,[-3.99151731 -1.48009723]
0.8980439702000732,1.0776484843312109,-7.215091862201503,0.0,0.0,[-4.04504534 -1.4788613 ]
-1.3793204714562486,-13.214759847953346,-14.292408332284557,0.0,0.0,[-4.0537841  -1.47734652]
0.22814058118644925,9.418136654239134,22.63289650219248,0.0,0.0,[-4.04467449 -1.43350018]
0.3703681965181838,0.8274395535586953,-8.590697100680439,0.0,0.0,[-4.0963994 -1.4218979]
0.5734486100662071,1.202963257629028,0.37552370407033264,0.0,0.0,[-4.12111046 -1.41852146]
2.4768731317798776,11.267864395540773,10.064901137911745,0.0,0.0,[-4.09769584 -1.39445774]
-15.077180146585437,-104.47582029046775,-115.74368468600852,0.0,0.0,999
