angel,angular_velocity,angular_acc,motor1,motor2,action
-1.859425221819041,12.347343288632262,15.44517548260762,0.0,0.0,[-3.88112775 -1.32555787]
-1.9602033450729437,-0.5881452162633918,-12.935488504895654,0.0,0.0,[-3.89476281 -1.35759693]
-1.2922137531614752,4.068971581931466,4.657116798194858,0.0,0.0,[-3.88920063 -1.37871676]
-1.5749683366367018,-1.680375590473492,-5.749347172404958,0.0,0.0,[-3.90526259 -1.32312686]
-1.166224375093492,2.4254720836361376,4.105847674109629,0.0,0.0,[-3.94875984 -1.33541882]
-3.6273163939823854,-14.564922084627334,-16.99039416826347,0.0,0.0,[-3.93229877 -1.33140522]
-29.389960147251696,-154.96483522766871,-140.39991314304137,0.0,0.0,999
