angel,angular_velocity,angular_acc,motor1,motor2,action
0.04,-0.1820235085808273,0.030213368717010025,0.0,0,[0.80643023]
0.1,0.18155588260756647,0.3635793911883938,0.0,0.8064302316014241,[0.9821923]
0.09,-0.030256432452396852,-0.2118123150599633,0.0,0.9821923029164963,[1.64210778]
-0.1,-0.6315991966687432,-0.6013427642163464,0.0,1.6421077784304365,[2.27186349]
-0.5,-1.3310116891421246,-0.6994124924733814,0.0,2.2718634858569287,[2.51785245]
-1.7,-3.6602146315070674,-2.329202942364943,0.0,2.517852453298894,[2.7582022]
-4.3,-8.624133074257985,-4.963918442750918,0.0,2.758202198007485,[2.76062462]
-8.7,-13.342831755396254,-4.718698681138269,0.0,2.7606246155820795,[2.73315386]
-14.0,-16.06873632013416,-2.725904564737906,0.0,2.733153859814358,999
