angel,angular_velocity,angular_acc,motor1,motor2,action
-0.46617999906021057,-3.5017782349841227,-7.965340036118035,0.0,0.0,[-4.30199898 -1.37457741]
0.17119883317521736,3.7341558433966657,7.235934078380788,0.0,0.0,[-4.30668063 -1.41111034]
0.2288301557658685,0.3458080526276568,-3.388347790769009,0.0,0.0,[-4.32424807 -1.40199198]
-0.7553619492954619,-5.850225311611105,-6.196033364238762,0.0,0.0,[-4.30142169 -1.39091735]
-3.631836412913211,-17.04225437172873,-11.192029060117626,0.0,0.0,[-4.29444976 -1.33667357]
-18.211374625723575,-85.95954056919784,-68.91728619746911,0.0,0.0,999
