angel,angular_velocity,angular_acc,motor1,motor2,action
1.524335,0.263733892789453,1.5144572598288377,0.0,0.0,[0.         0.15984148]
1.7861962,2.618414778931107,23.545034972101135,0.0,0.15984147649386438,[0.         0.14133099]
2.0062475,2.199539579043697,-4.186899275500847,0.0,0.14133098898776916,[0.         0.13954021]
2.2333536,2.2703594241586424,0.7079796921655916,0.0,0.13954021305475345,[0.         0.13585757]
2.588273,3.5491131031851992,12.78724411347464,0.0,0.13585757264452,[0.         0.08254632]
3.4480405,8.593482431160414,50.41909862095334,0.0,0.08254632270707332,[0.         0.07890476]
4.6704264,12.21929659403175,36.24460921474663,0.0,0.07890475731806197,[0.         0.08672005]
6.4424095,17.71752506049084,54.975128192386435,0.0,0.08672004843881036,[0.         0.10056355]
9.044884,26.020796483382362,83.02012553724155,0.0,0.10056355280407198,[0.         0.08653449]
13.085375,40.399555646672354,143.76853357114152,0.0,0.08653449287200393,[0.         0.10574458]
17.142685,40.55167615071535,1.520401758098522,0.0,0.10574457711100224,999
