angel,angular_velocity,angular_acc,motor1,motor2,action
1.685454295940999,8.779020147522496,7.420732140163035,0.0,0.0,[-4.09659167 -1.44255929]
0.5393052525908268,-6.7500684753537366,-15.529088622876234,0.0,0.0,[-4.04882907 -1.41528357]
0.5564870083660948,0.10091879637026689,6.850987271724003,0.0,0.0,[-4.02024107 -1.41717067]
0.4726527801918249,-0.48581519754216423,-0.5867339939124311,0.0,0.0,[-4.04739017 -1.40843204]
0.5085698930914977,0.20925879563048838,0.6950739931726526,0.0,0.0,[-4.04165345 -1.38276417]
0.055898302078596446,-2.6685551034267325,-2.877813899057221,0.0,0.0,[-4.06178517 -1.3800255 ]
11.013990310764568,64.5288392287124,67.19739433213913,0.0,0.0,[-4.10210179 -1.39840549]
29.216519265068914,107.67391056453084,43.14507133581844,0.0,0.0,999
