angel,angular_velocity,angular_acc,motor1,motor2,action
0.02857263486032431,-8.37934371655387,-18.085397085903946,0.0,0.0,[-4.09222278 -1.40251627]
-0.2055302323257436,-1.3849942411718563,6.994349475382013,0.0,0.0,[-4.0985533  -1.40691167]
-0.5398004209449015,-1.9859749466774441,-0.6009807055055878,0.0,0.0,[-4.13796874 -1.40045251]
-0.12338702462369887,2.4768306441275194,4.4628055908049635,0.0,0.0,[-4.16358451 -1.35716696]
3.0072716301673803,18.5877619950835,16.11093135095598,0.0,0.0,[-4.13772448 -1.3847797 ]
16.398404606456225,77.5387098072941,58.9509478122106,0.0,0.0,999
