angel,angular_velocity,angular_acc,motor1,motor2,action
2.656664597891467,0.5647744843303402,0.3057273536911052,0.0,0.0,[-4.13029792 -1.4054564 ]
2.6797355767611193,0.13572623651829005,-0.4290482478120501,0.0,0.0,[-4.12184487 -1.39521358]
1.0507001075504914,-9.800410774592594,-9.936137011110883,0.0,0.0,[-4.0745763 -1.3713857]
0.14277473305344962,-5.321933768458768,4.478477006133826,0.0,0.0,[-4.04085345 -1.35595166]
0.26022969262570367,0.6922101447444315,6.0141439132032,0.0,0.0,[-4.04765409 -1.37278982]
3.751948791751575,20.590743983674052,19.89853383892962,0.0,0.0,[-4.05735522 -1.40741505]
16.295105349497664,73.55937444635313,52.96863046267908,0.0,0.0,999
