angel,angular_velocity,angular_acc,motor1,motor2,action
-0.6544197289753751,-2.8381042098538933,-2.9995744289706536,0.0,0.0,[-4.11563766 -1.37645698]
-0.36671311379236826,1.6644239577615112,4.502528167615404,0.0,0.0,[-4.15870102 -1.38058264]
0.5437479449618517,5.35567341661708,3.6912494588555687,0.0,0.0,[-4.16537811 -1.3979902 ]
0.48816301311368204,-0.3308711754344589,-5.686544592051539,0.0,0.0,[-4.20954765 -1.44537676]
-2.346021729297343,-16.68643418781491,-16.35556301238045,0.0,0.0,[-4.22466674 -1.47267812]
-18.956167536048813,-96.52649947743805,-79.84006528962314,0.0,0.0,999
