angel,angular_velocity,angular_acc,motor1,motor2,action
-0.6091586074625444,1.3974025014260352,4.199904125363534,0.0,0.0,[-4.21569618 -1.44314584]
-0.035737957818698506,3.335701084416452,1.9382985829904167,0.0,0.0,[-4.22372999 -1.44758673]
0.4710308652339524,3.0842376935572946,-0.25146339085915725,0.0,0.0,[-4.24053129 -1.4369214 ]
0.3293564065513577,-0.8404498075057903,-3.924687501063085,0.0,0.0,[-4.28583808 -1.44035628]
0.8479011281498603,3.0683482193582456,3.908798026864036,0.0,0.0,[-4.28686875 -1.4276937 ]
-10.385380479277192,-64.78856305506655,-67.85691127442479,0.0,0.0,[-4.29951208 -1.42461493]
-24.376856288101468,-80.6838392425745,-15.89527618750796,0.0,0.0,999
