angel,angular_velocity,angular_acc,motor1,motor2,action
-2.6749295778337885,4.786569563578633,6.19308510144249,0.0,0.0,[-3.85769415 -1.33465899]
-1.4406197904015847,7.534865530847908,2.748295967269275,0.0,0.0,[-3.83281755 -1.33062066]
-1.2943136644156858,0.8741050936878639,-6.660760437160044,0.0,0.0,[-3.82330481 -1.34828317]
-3.598844755267718,-13.623908141986947,-14.498013235674811,0.0,0.0,[-3.85079031 -1.33733977]
-16.793510518397436,-77.31809866348974,-63.69419052150279,0.0,0.0,999
