angel,angular_velocity,angular_acc,motor1,motor2,action
2.382964917631028,36.02072700067343,37.100681384267006,0.0,0.0,[-3.99995807 -1.44613576]
-0.518142087912735,-17.200318781883063,-53.221045782556494,0.0,0.0,[-4.0447528  -1.44753462]
-0.6625737869609222,-0.8488300071945821,16.35148877468848,0.0,0.0,[-4.05483993 -1.44216494]
-0.7047049308281417,-0.2464266493284054,0.6024033578661767,0.0,0.0,[-4.05451897 -1.46523642]
-6.651345935500617,-34.69151552710668,-34.445088877778275,0.0,0.0,[-4.0589973  -1.43003577]
-18.45255227446454,-68.8594801402593,-34.16796461315261,0.0,0.0,999
