angel,angular_velocity,angular_acc,motor1,motor2,action
-0.5786177856065057,5.768258513490822,0.6307833922696844,0.0,0.0,[-3.94258115 -1.3533345 ]
-0.5341779182477878,0.26311346326905827,-5.505145050221763,0.0,0.0,[-3.96473065 -1.34485183]
-0.48306113859300176,0.29762057332843006,0.03450711005937179,0.0,0.0,[-3.99336413 -1.38719525]
-0.5504868816414332,-0.38796990089762473,-0.6855904742260548,0.0,0.0,[-3.98404791 -1.4018698 ]
-0.4060491512951185,0.8496845675634116,1.2376544684610362,0.0,0.0,[-3.95165004 -1.39461148]
0.18582800820124598,3.5485809859704758,2.698896418407064,0.0,0.0,[-3.97127657 -1.39561761]
-0.06542034541814153,-1.4633167876537507,-5.011897773624226,0.0,0.0,[-3.94515468 -1.45114837]
-13.178286441828648,-75.5800102510234,-74.11669346336964,0.0,0.0,[-3.95028604 -1.48603482]
-21.028166437740474,-45.96013421197631,29.619876039047085,0.0,0.0,999
