angel,angular_velocity,angular_acc,motor1,motor2,action
-0.5806789450309903,-0.4343561366101552,-2.801006095228844,0.0,0.0,[-4.07565267 -1.45117984]
0.02139084723239322,3.525274960834417,3.9596310974445723,0.0,0.0,[-4.08142672 -1.44886228]
0.11291802420295145,0.5358076757407031,-2.989467285093714,0.0,0.0,[-4.06544366 -1.45301893]
0.2697779908185815,0.9308053956849465,0.3949977199442434,0.0,0.0,[-4.10155162 -1.40860936]
0.15854987852062388,-0.6504948748490943,-1.5813002705340407,0.0,0.0,[-4.05994036 -1.43555019]
-1.6213532760330693,-10.306447896255907,-9.655953021406813,0.0,0.0,[-4.0775388  -1.44589557]
-18.128858990407714,-98.12069855821476,-87.81425066195885,0.0,0.0,999
