angel,angular_velocity,angular_acc,motor1,motor2,action
0.6785485,1.5525874520908416,16.017247837136082,0.0,0.0,[0.38651572 0.20626407]
0.5073201,-1.71223673356507,-32.64733894362828,0.3865157236885013,0.2062640678744883,[0.40282192 0.20207282]
0.30918345,-1.9798013517183546,-2.6735324974123302,0.40282192412944423,0.2020728195736105,[0.40723625 0.2009015 ]
0.60906917,2.9979451589529935,49.762326306958464,0.40723624550815507,0.2009014964541214,[0.37579551 0.19623145]
0.54957515,-0.5948740932160762,-35.92420123308248,0.37579551018196183,0.19623144519446215,[0.3335707  0.25271431]
0.69523525,1.4559394072269978,20.498819811597578,0.333570701021917,0.2527143101091758,[0.31204322 0.29713337]
1.0218058,3.265209991084497,18.089962781245607,0.31204321713992533,0.297133372668475,[0.31798361 0.2849362 ]
1.2592365,2.2904573524845615,-9.403288731419586,0.31798361414631343,0.28493619608903814,[0.31278702 0.31800979]
1.7938907,5.343210020681833,30.50849843988089,0.31278701681392584,0.31800979267323193,[0.29386089 0.34218618]
2.4501467,6.560344827586207,12.167240400070176,0.29386089424534656,0.3421861849417323,[0.27773983 0.35881707]
3.496911,10.46074523417527,38.97829921101658,0.27773983060621704,0.3588170690348269,[0.324015   0.34470747]
4.953464,14.564363091945912,41.03289148846822,0.3240149951937323,0.3447074650474459,[0.34591513 0.35321326]
7.1624517,22.07752850487889,75.08965423403535,0.34591512782967176,0.3532132602402705,[0.26918427 0.32916807]
10.33222,31.690384647472033,96.10642692914398,0.26918427451797705,0.32916807324220965,[0.26671833 0.3253137 ]
14.866669,45.33361301071911,136.39956832005424,0.26671833197805606,0.3253137012802356,[0.25121016 0.33294793]
18.666935,37.99173878741798,-73.39763800417312,0.2512101584519578,0.33294793173622855,999
