angel,angular_velocity,angular_acc,motor1,motor2,action
-0.06411999429102662,0.6971072879587943,-1.3714265094596578,0.0,0.0,[-3.90851511 -1.30324089]
-0.7616751088905047,-4.078848748619893,-4.7759560365786875,0.0,0.0,[-3.8988995  -1.31309328]
-1.5945551237729467,-4.908378639030234,-0.829529890410341,0.0,0.0,[-3.90098192 -1.32308034]
-1.1049247879669908,2.858341685689163,7.766720324719397,0.0,0.0,[-3.87592435 -1.31177418]
-1.0840524232930568,0.12162243181025524,-2.7367192538789076,0.0,0.0,[-3.90107064 -1.30336501]
0.014700704332621177,6.366269976285053,6.244647544474797,0.0,0.0,[-3.89136542 -1.3356114 ]
18.634099338479555,108.68080504887028,102.31453507258523,0.0,0.0,999
