angel,angular_velocity,angular_acc,motor1,motor2,action
1.2644046116477103,20.741244584552266,16.45014705104542,0.0,0.0,[-4.12659957 -1.39123061]
-0.22078459642532205,-8.78916043436569,-29.530405018917957,0.0,0.0,[-4.10836739 -1.39786244]
-0.6691682038397314,-2.623402840532876,6.165757593832815,0.0,0.0,[-4.11001778 -1.41320281]
-0.29316935265588256,2.289579912653125,4.912982753186001,0.0,0.0,[-4.13392679 -1.36894583]
-6.9924939901771435,-39.15855473954314,-41.448134652196266,0.0,0.0,[-4.14611068 -1.33437862]
-16.000440679036455,-53.659324294313905,-14.500769554770763,0.0,0.0,999
