angel,angular_velocity,angular_acc,motor1,motor2,action
0.3842091297008248,4.086408230306266,4.22459230030495,0.0,0.0,[-4.01785236 -1.41964709]
-0.33608834937193116,-4.311439813543596,-8.397848043849862,0.0,0.0,[-4.05032425 -1.4075927 ]
-0.24871353817934924,0.5087513900759929,4.820191203619589,0.0,0.0,[-4.04137899 -1.38810836]
-0.22307963624077826,0.1538077387648846,-0.3549436513111083,0.0,0.0,[-4.01660442 -1.38996417]
0.6231600408880102,5.010603794233261,4.856796055468377,0.0,0.0,[-4.01280289 -1.42207464]
10.394757996554636,56.27495865967919,51.26435486544593,0.0,0.0,[-4.01236536 -1.38528629]
20.325815888589432,57.04900668745684,0.7740480277776456,0.0,0.0,999
