angel,angular_velocity,angular_acc,motor1,motor2,action
0.80196387,3.623794833964171,7.725620314498746,0.0,0.0,[0. 0.]
1.3695091,5.483559966644245,17.96884723400759,0.0,0.0,[0. 0.]
2.0929527,7.006975009583278,14.755166444810381,0.0,0.0,[0. 0.]
3.2688255,10.99528483813507,37.29366176825057,0.0,0.0,[0. 0.]
5.04976,17.08182595690771,58.37903964068238,0.0,0.0,[0. 0.]
7.917745,27.654927294672106,101.95252884278534,0.0,0.0,[0. 0.]
12.180845,40.89680615530996,127.03209734476505,0.0,0.0,[0. 0.]
17.816961,54.84058831717162,135.67591819381298,0.0,0.0,999
