angel,angular_velocity,angular_acc,motor1,motor2,action
-2.1997025,0.02028089954593667,-0.0736585395282229,0.0,0,[2.95256609]
-2.2653203,-0.7934024624733703,-0.813683362019307,0.0,2.9525660895012757,[3.]
-2.490861,-2.621491002000787,-1.8280885395274167,0.0,3.0,[3.]
-3.0872374,-7.030546280369209,-4.409055278368422,0.0,3.0,[3.]
-3.7306986,-7.62910447761194,-0.5985581972427312,0.0,3.0,[3.]
-5.3800087,-19.858897695662034,-12.229793218050094,0.0,3.0,[3.]
-7.781958,-28.65690245650764,-8.798004760845608,0.0,3.0,[3.]
-10.408901,-32.81354569333675,-4.156643236829108,0.0,3.0,999
