angel,angular_velocity,angular_acc,motor1,motor2,action
-1.91484,1.5419613242380625,1.4496572075304752,0.0,0,[3.]
-1.7922838,1.4853713298291948,-0.056589994408867694,0.0,3.0,[3.]
-1.5219976,3.221153709549558,1.735782379720363,0.0,3.0,[3.]
-1.9944371,-5.903388507555174,-9.124542217104732,0.0,3.0,[3.]
-2.6104264,-7.699231461504535,-1.7958429539493608,0.0,3.0,[3.]
-3.5929158,-12.28098215456507,-4.581750693060535,0.0,3.0,[3.]
-5.069859,-18.455922967606234,-6.1749408130411645,0.0,3.0,[3.]
-7.6014495,-31.63727374301676,-13.181350775410525,0.0,3.0,[3.]
-10.483488,-36.002340957827016,-4.3650672148102565,0.0,3.0,999
