angel,angular_velocity,angular_acc,motor1,motor2,action
-1.6927267,-2.0701943619249668,-1.9707990336022527,0.0,0,[2.41061957]
-1.8088008,-1.4501840841663787,0.6200102777585881,0.0,2.4106195652323485,[2.51362972]
-1.5269297,3.520548516296175,4.970732600462553,0.0,2.513629718220078,[2.54065311]
-1.9727315,-5.5711489242522205,-9.091697440548396,0.0,2.540653113931212,[2.55077406]
-2.5425725,-7.12234039383031,-1.5511914695780895,0.0,2.5507740560534486,[2.52743393]
-3.6598608,-13.961000038728859,-6.838659644898549,0.0,2.5274339314049623,[2.4676624]
-5.940305,-28.491062359441788,-14.53006232071293,0.0,2.467662395291036,[2.5223908]
-8.114205,-27.159289056752144,1.3317733026896441,0.0,2.52239079543838,[2.56287858]
-10.869114,-34.361122758185914,-7.20183370143377,0.0,2.562878577722638,999
