angel,angular_velocity,angular_acc,motor1,motor2,action
-2.1462724,0.04248577926753096,5.391615794170845,0,0.0,[0.0434911]
-2.2971604,-1.5087300225044817,-15.510619641443434,0.04349109512562788,0.0,[0.67434003]
-2.4502525,-1.496876238431592,0.11590175059341712,0.6743400272066495,0.0,[0.2547139]
-2.2038567,2.397238253414489,37.886681611880164,0.6743400272066495,0.0,[0.35932499]
-1.5931016,6.104282088858706,37.0505981989468,0.35932499176732424,0.0,[0.28655672]
-0.98503786,5.810754913866365,-2.8049928212760094,0.2865567237929507,0.0,[0.0799566]
-0.12780678,8.57092942040248,27.5972971824954,0.07995660357526005,0.0,[0.06379433]
0.871153,9.882472398266888,12.974783910987142,0.07995660357526005,0.0,[0.02008397]
3.2371397,23.052885888578636,128.325329715775,0.07995660357526005,0.0,[0.95686864]
6.3775196,30.91681708396219,77.419843977218,0.9568686379818866,0.0,[0.61905339]
10.860537,44.819740279552256,138.99688786196916,0.6190533889235355,0.0,[1.04920306]
15.192549,42.87498613683825,-19.247708342206348,1.0492030647742654,0.0,999
