angel,angular_velocity,angular_acc,motor1,motor2,action
-0.2,-0.3054737303621357,0.0575846023219988,0.0,0,[2.37823261]
-0.2,0.0,0.3054737303621357,0.0,2.3782326093937622,[2.51550565]
-0.3,-0.33252736571632885,-0.33252736571632885,0.0,2.515505651006139,[2.81318027]
-0.7,-1.2071511470198637,-0.8746237813035349,0.0,2.8131802653188736,[2.87125051]
-1.4,-2.1303659264838304,-0.9232147794639667,0.0,2.871250514237584,[2.83109715]
-2.8,-4.649588372279008,-2.5192224457951777,0.0,2.831097153066181,[2.75873952]
-5.1,-6.995342577404959,-2.3457542051259512,0.0,2.7587395230219816,[2.87148386]
-8.5,-11.312603155489027,-4.317260578084068,0.0,2.871483858403182,[2.87909775]
-13.0,-14.953239752627502,-3.6406365971384744,0.0,2.8790977504466464,999
