angel,angular_velocity,angular_acc,motor1,motor2,action
1.2498847681501404,12.168330573324095,16.20735478884822,0.0,0.0,[2.98616411 1.76755764]
-17.69449716224806,-114.58382458248343,-126.75215515580753,2.9861641096345544,1.7675576397738448,999
