angel,angular_velocity,angular_acc,motor1,motor2,action
-0.4933860835365658,-9.09679076786987,-18.205782063071375,0.0,0.0,[3.00049973 1.91077215]
-6.2475573281201395,-34.790022959845615,-25.693232191975746,3.0004997268196356,1.9107721459221825,[3.01006653 1.86847263]
-2.561797991284522,22.02541051109446,56.81543347094008,3.010066529363682,1.8684726301327834,[3.00816484 1.86714055]
0.5905503705646444,18.45905507110654,-3.5663554399879196,3.0081648359407946,1.8671405546310702,[2.96524473 1.82340974]
43.32192803979807,259.16160082649105,240.7025457553845,2.9652447281358487,1.8234097391745534,999
