angel,angular_velocity,angular_acc,motor1,motor2,action
-1.2702672,-1.1786985365807146,-3.8747517542852408,0.0,0.0,[0.         0.00093777]
-1.3676301,-0.9281589079453972,2.3883907071345067,0.0,0.0009377711783348859,[0.         0.00990606]
-1.8166158,-4.315563627197103,-32.559078679964955,0.0,0.009906056753633432,[0.         0.00752652]
-2.4819112,-6.390428730754521,-19.929911311775705,0.0,0.007526521673628244,[0.         0.03950267]
-3.3879306,-8.667427703410068,-21.782892180644087,0.0,0.039502674046178056,[0.         0.02961689]
-4.8683524,-14.172237260746712,-52.69813514946413,0.0,0.0296168927386993,[0.         0.03603387]
-7.2327747,-22.51068775238281,-79.38694101448245,0.0,0.03603387173977798,[0.0132252  0.04101673]
-10.937436,-35.22792937399679,-120.92929555935375,0.013225198961440058,0.04101672705534375,[0.04226207 0.05955078]
-15.660249,-45.340938638735786,-97.0890370326762,0.042262073721753605,0.05955077816877563,999
