angel,angular_velocity,angular_acc,motor1,motor2,action
-0.4812677425636932,2.6109681031116305,-8.73050959959081,0.0,0.0,[2.88929198 1.91833151]
4.836911637289935,32.04152637915309,29.43055827604146,2.889291983450085,1.9183315080897299,[2.92940097 1.9286784 ]
2.218212766333215,-16.255483898978753,-48.29701027813184,2.929400973727746,1.9286784045667074,[2.95383196 1.95650939]
4.113015330764026,11.279068048989172,27.534551947967927,2.953831955194963,1.9565093933211624,[3.00802283 1.91815064]
22.203708744973454,107.48075724501608,96.2016891960269,3.0080228290627526,1.918150644566834,999
