angel,angular_velocity,angular_acc,motor1,motor2,action
-0.98655754,-0.5403118699990769,0.2167082539091274,0.0,0,[0.85064878]
-1.0538425,-0.8203935778696387,-0.28008170787056186,0.0,0.8506487837231035,[1.18522434]
-1.3931029,-3.967038941053148,-3.1466453631835094,0.0,1.1852243400502687,[2.96713732]
-2.532707,-13.357159025175424,-9.390120084122277,0.0,2.967137315562265,[3.]
-3.4597406,-11.338550232704623,2.0186087924708005,0.0,3.0,[3.]
-5.5059643,-24.468251796099896,-13.129701563395273,0.0,3.0,[3.]
-8.412724,-35.24353700593471,-10.775285209834816,0.0,3.0,[3.]
-12.207959,-46.760290812954395,-11.516753807019683,0.0,3.0,999
