angel,angular_velocity,angular_acc,motor1,motor2,action
-2.2331858,-0.8713860706384926,-12.628830010460947,0,0.0,[2.01786282]
-1.9990398,2.339989373210005,32.09358453929656,2.0178628183482057,0.0,[-0.00330741]
-2.1092088,-1.0137100648702486,-30.85874644428499,0.5044657045870514,0.003307413342110266,[0.77273761]
-1.4239686,6.497225104496574,71.21624161510434,0.7727376101173669,0.0008268533355275665,[0.33411151]
0.09229609,14.8390487590328,81.63794212362284,0.7727376101173669,0.00020671333388189161,[0.49540799]
1.1271452,10.26776437803978,-45.35624885112068,0.4954079908479062,5.1678333470472904e-05,[2.57457016]
4.7701416,35.559968535602245,246.88193651936942,2.57457015759228,1.2919583367618226e-05,[2.0203991]
9.536474,46.63348363514216,108.34254041017856,2.020399096888217,3.2298958419045565e-06,[1.58666643]
15.125917,53.76431952445602,68.59082828929996,1.586666429754747,8.074739604761391e-07,999
