angel,angular_velocity,angular_acc,motor1,motor2,action
-1.1737236337533712,-0.06086096207762564,5.9211782407987,0.0,0.0,[ 0.06698606 -0.86245834]
-0.423062667562806,4.499278047979366,4.560139010056991,0.06698605957072601,0.0,[ 0.04448233 -0.93230597]
-0.1079866800135527,1.8938089070879782,-2.6054691408913877,0.04448233372276256,0.0,[ 0.0386673  -0.99526657]
0.7163058196916455,5.05597793642324,3.162169029335262,0.03866730486131609,0.0,[ 0.01029427 -1.04996198]
-0.09375652501185469,-4.716433202578163,-9.772411139001402,0.010294265044823447,0.0,[-0.02516479 -1.11451702]
0.3635287536883802,2.767715275868428,7.48414847844659,0.0030882795134470342,0.0,[ 0.0323221  -1.19995839]
-12.158360567019699,-73.5683755829276,-76.33609085879603,0.03232209620548865,0.0,[ 0.03240471 -1.26441314]
-34.95976430985316,-133.2739014258579,-59.7055258429303,0.03240470533753659,0.0,999
