angel,angular_velocity,angular_acc,motor1,motor2,action
-5.88,-0.19998493308094523,0.16662876463048865,0.0,0,[3.]
-5.92,-0.13331597871993847,0.06666895436100675,0.0,3.0,[3.]
-5.39,1.7664914622827437,1.8998074410026822,0.0,3.0,[3.]
-5.49,-0.3333129895229394,-2.0998044518056833,0.0,3.0,[3.]
-5.36,0.4333120515467437,0.7666250410696831,0.0,3.0,[3.]
-4.57,2.6329968564553914,2.1996848049086477,0.0,3.0,[3.]
-3.01,5.199422328280217,2.566425471824826,0.0,3.0,[3.]
-1.47,5.133203605115697,-0.06621872316452038,0.0,3.0,[3.]
-179.3,-592.6626685482539,-597.7958721533696,0.0,3.0,999
