angel,angular_velocity,angular_acc,motor1,motor2,action
-1.3124631410525458,-2.0791830434466414,-1.1396498351585058,0.0,0.0,[-0.08770426 -1.55249389]
-0.19326870312041525,6.619140807843979,8.69832385129062,0.0,0.0,[-0.11393976 -1.60442742]
-0.3633480500668605,-1.016153985070116,-7.635294792914095,0.0,0.0,[-0.15616089 -1.60686166]
-0.7860572066853697,-2.5167333686906947,-1.5005793836205787,0.0,0.0,[-0.19362316 -1.66117529]
-0.3000631307613126,2.9054601150899493,5.422193483780644,0.0,0.0,[-0.20112959 -1.64797066]
-0.35636657586239506,-0.32801958641056683,-3.2334797015005163,0.0,0.0,[-0.19284031 -1.6708093 ]
-14.969149834598786,-86.95359001630254,-86.62557042989198,0.0,0.0,[-0.27143442 -1.67827818]
-22.38530512895088,-43.423151136577005,43.53043887972554,0.0,0.0,999
