angel,angular_velocity,angular_acc,motor1,motor2,action
0.6249446623621477,-2.0315760080969816,-6.1066324937070675,0.0,0.0,[1.45596272 0.20341217]
4.5911794148857545,24.2574217439184,26.28899775201538,1.455962721776928,0.20341216785770658,[1.38872495 0.16222444]
0.5551651501119359,-24.806198482751682,-49.06362022667008,1.38872495060335,0.1622244446585111,[1.30400417 0.07711834]
5.951829727329305,32.84150479142738,57.647703274179065,1.30400417097996,0.07711833852691305,[1.17467641 0.03458467]
-0.021416427667536923,-35.52227264539401,-68.3637774368214,1.1746764149648299,0.03458466870605254,[ 1.13566952 -0.02147177]
3.38049602215528,20.262420949855564,55.78469359524958,1.135669521118118,0.010375400611815763,[ 1.07142608 -0.03918811]
-4.619095021555,-47.04227813825553,-67.3046990881111,1.0714260762024745,0.003112620183544729,[ 1.00791602 -0.10842172]
-20.037112439676513,-93.38075274418388,-46.33847460592835,1.0079160236273785,0.0009337860550634186,999
