angel,angular_velocity,angular_acc,motor1,motor2,action
0.15754728076270608,-2.48603179158335,-13.780888057436142,0.0,0.0,[2.77385065 1.3756997 ]
-0.2764011586452087,-2.6031941165735693,-0.11716232499021917,2.7738506462157964,1.3756997034226754,[2.72100367 1.26513637]
-1.7178109525190224,-8.707898213951614,-6.104704097378045,2.7210036727226394,1.2651363746729032,[2.64638207 1.17555925]
6.121121899177988,47.10716161780874,55.81505983176036,2.6463820712912325,1.1755592450289862,[2.55858558 1.15761629]
-1.8443937139354518,-47.57400144979018,-94.68116306759893,2.558585580212157,1.1576162859415167,[2.46857922 1.10760904]
2.4223637814377987,24.953119725753922,72.5271211755441,2.4685792186036997,1.107609036826831,[2.42097806 1.09678405]
2.1820861298807217,-1.4303074856961155,-26.383427211450037,2.4209780578678144,1.0967840493732086,[2.38064866 1.00061926]
1.5801642696014275,-3.5926066745931737,-2.162299188897058,2.380648657264956,1.0006192609208358,[2.32843412 0.9556121 ]
16.774708466967315,90.01335783177197,93.60596450636514,2.3284341217678866,0.9556120954471484,999
