angel,angular_velocity,angular_acc,motor1,motor2,action
1.566515630266209,1.3569372562675441,-6.859185826431625,0.0,0.0,[1.61069787 0.34715315]
-38.21259741116831,-237.6891952921665,-239.04613254843403,1.6106978710667603,0.34715315375187983,999
