angel,angular_velocity,angular_acc,motor1,motor2,action
-1.5793119992175841,12.749129034088787,24.95126946917089,0.0,0.0,[2.19092457 0.89517804]
-18.29814980735979,-98.50866861094195,-111.25779764503073,2.1909245719487216,0.8951780424047604,999
