angel,angular_velocity,angular_acc,motor1,motor2,action
-0.4913281277291622,16.827670066017316,36.14053463926055,0.0,0.0,[2.99311643 1.69802898]
-4.931909972399027,-26.683787410262525,-43.511457476279844,2.9931164284564273,1.6980289838335592,[2.99763345 1.64848377]
0.2723615243297435,31.39533413659038,58.0791215468529,2.997633451725229,1.648483771814786,[2.98796631 1.58702276]
0.01411163659418088,-1.5826665027210967,-32.97800063931148,2.9879663136251824,1.5870227554390532,[2.94606158 1.51140984]
-14.56776318230082,-86.94173571314525,-85.35906921042415,2.946061575707977,1.5114098401369311,[2.88813832 1.47584966]
-55.63457738166084,-243.25366379318106,-156.3119280800358,2.8881383238949554,1.4758496562353034,999
