angel,angular_velocity,angular_acc,motor1,motor2,action
0.7068334,-0.35341163204295023,-2.25354271026926,0.0,0.0,[0.21254446 0.        ]
0.7965408,0.8606759872634776,11.64827379407328,0.212544462810764,0.0,[0.16990226 0.        ]
1.0969043,2.9325797906390467,20.228901332455052,0.16990226480611814,0.0,[0.15805831 0.        ]
1.7318648,6.203440147398285,31.95566562810048,0.15805830977315616,0.0,[0.16712129 0.02995076]
2.702894,9.476897570737156,31.947774489342706,0.16712128822544092,0.029950757277470662,[0.19907349 0.03788474]
4.078617,13.40245927722149,38.243291844653186,0.19907349101020913,0.03788473617758703,[0.17053041 0.04754632]
6.44435,22.960322841150216,92.76265061479235,0.17053041211495173,0.047546321970753314,[0.21864912 0.09122842]
10.211684,36.48218412698413,130.94325397660796,0.21864912016808952,0.09122841760057471,[0.21569435 0.1036909 ]
15.271674,48.33425417510266,113.2138550120675,0.21569435165565426,0.10369089601473755,999
