angel,angular_velocity,angular_acc,motor1,motor2,action
-0.5675383324567281,-4.208512490648607,1.0345435831148952,0.0,0.0,[-3.66027529e-04 -1.37249861e+00]
-0.7199503039225333,-0.9043304355230837,3.304182055125523,0.0,0.0,[ 0.0069649  -1.44232838]
-0.36343847767248827,2.188135051403428,3.092465486926512,0.006964900695236809,0.0,[ 0.02574778 -1.48180314]
-0.06331124325376492,1.821941397157997,-0.36619365424543115,0.02574777626908975,0.0,[ 1.43055302e-03 -1.52813444e+00]
-0.20904532759015318,-0.8818697895908154,-2.7038111867488124,0.001430553020630887,0.0,[ 0.01001473 -1.52484989]
-0.19625807963535413,0.07696677613086121,0.9588365657216766,0.010014730018542695,0.0,[-0.03839499 -1.55357756]
-3.5728944023242275,-20.166483789793947,-20.243450565924807,0.0030044190055628084,0.0,[-0.04876272 -1.55339211]
22.906406278567722,157.40626007234906,177.572743862143,0.0009013257016688425,0.0,999
