angel,angular_velocity,angular_acc,motor1,motor2,action
0.5757995605659222,9.272690966772462,17.794483829988692,0.0,0.0,[ 0.81069545 -0.23536763]
4.0471306860372085,20.968687748269943,11.695996781497481,0.810695446939876,0.0,[ 0.74459322 -0.32547211]
-0.05034722911923436,-25.054841705011718,-46.02352945328166,0.7445932165420378,0.0,[ 0.60056729 -0.45186369]
1.7756787453507004,10.685710287820244,35.74055199283196,0.6005672889148596,0.0,[ 0.55075604 -0.52063891]
-0.8190873256629887,-15.148071089455597,-25.83378137727584,0.5507560446479853,0.0,[ 0.48858875 -0.59856323]
-1.009117391329782,-1.1101291474990649,14.037941941956532,0.48858874906851657,0.0,[ 0.40524692 -0.62351722]
-0.39287855739620975,3.636832197769967,4.746961345269032,0.40524692462806255,0.0,[ 0.27630737 -0.63727217]
-11.281499953018379,-64.28618039208305,-67.92301258985302,0.2763073678667428,0.0,[ 0.18059061 -0.73912904]
-20.365314060871444,-54.38406265658434,9.902117735498713,0.18059060532016435,0.0,999
