angel,angular_velocity,angular_acc,motor1,motor2,action
0.028504787118751897,1.8740500846665218,8.624351510078732,0.0,0.0,[2.02944137 0.76594483]
-2.116244112793508,-12.995138796046433,-14.869188880712954,2.0294413749931612,0.7659448291440525,[1.92342459 0.62635051]
-4.4544810751872985,-14.023597421452662,-1.0284586254062287,1.9234245852907623,0.6263505080950917,[1.88967288 0.53270955]
8.648064931151387,78.2439705746423,92.26756799609497,1.8896728794467696,0.532709545957645,[1.78350369 0.43176454]
-30.465372658820964,-233.65904019952995,-311.90301077417223,1.7835036904243504,0.4317645351695101,999
