angel,angular_velocity,angular_acc,motor1,motor2,action
0.48612560280932593,0.8419809001772587,-4.0880243553116085,0.0,0.0,[-0.71309258 -2.86776857]
0.18733162814395474,-1.7838698132406952,-2.625850713417954,0.0,0.0,[-0.68855531 -2.96412691]
0.5753511654102933,2.3573259383251366,4.1411957515658315,0.0,0.0,[-0.70569507 -3.0014696 ]
0.6602242381884719,0.5106429072506132,-1.8466830310745235,0.0,0.0,[-0.66839492 -3.03511034]
0.5391891173246705,-0.7189820000021608,-1.229624907252774,0.0,0.0,[-0.7077298  -3.03670449]
-17.075421483644703,-103.03110790654848,-102.31212590654633,0.0,0.0,999
