angel,angular_velocity,angular_acc,motor1,motor2,action
-4.46,0.09998579227156869,0.09998579227156869,0.0,0,[3.]
-4.42,0.13331216512474078,0.033326372853172095,0.0,3.0,[3.]
-4.19,0.7665431221761868,0.633230957051446,0.0,3.0,[3.]
-4.14,0.1666406036450113,-0.5999025185311755,0.0,3.0,[3.]
-4.0,0.46660926253490315,0.2999686588898919,0.0,3.0,[3.]
-2.98,3.3999140761155924,2.933304813580689,0.0,3.0,[3.]
-1.68,4.332635038387152,0.9327209622715595,0.0,3.0,[3.]
-179.62,-593.1310707178596,-597.4637057562468,0.0,3.0,999
