angel,angular_velocity,angular_acc,motor1,motor2,action
-0.07891730098267082,5.271350092364522,6.397519159931579,0.0,0.0,[-0.64599773 -2.43928649]
0.7198692161274808,4.77475303430074,-0.4965970580637826,0.0,0.0,[-0.63068421 -2.53962095]
0.3429113459900582,-2.2428485540617897,-7.017601588362529,0.0,0.0,[-0.63749076 -2.58680147]
0.573041538628103,1.3647270895049473,3.607575643566737,0.0,0.0,[-0.63658015 -2.62500269]
0.20197986778430183,-2.2718845891616604,-3.6366116786666076,0.0,0.0,[-0.69235839 -2.69166193]
-2.8433624839456106,-17.947978365387165,-15.676093776225505,0.0,0.0,[-0.71772775 -2.77565358]
-21.370222144076216,-111.79729550698191,-93.84931714159475,0.0,0.0,999
