angel,angular_velocity,angular_acc,motor1,motor2,action
-2.6700379702658226,4.699397116281091,13.441433390530069,0.0,0.0,[-0.50065206 -2.1447809 ]
-0.03561991628189188,15.457569945199658,10.758172828918568,0.0,0.0,[-0.55927061 -2.22235927]
-0.32282243546440387,-1.7318481280242088,-17.189418073223866,0.0,0.0,[-0.61668752 -2.24839264]
0.022164870457989674,2.0791011576437306,3.8109492856679394,0.0,0.0,[-0.64663307 -2.30992137]
-14.699088310940827,-86.01244675712987,-88.0915479147736,0.0,0.0,[-0.63241769 -2.34015775]
-28.721763775828766,-84.42380559044099,1.5886411666888733,0.0,0.0,999
