angel,angular_velocity,angular_acc,motor1,motor2,action
-0.9946067147143983,-6.95247816322329,-5.820184928254498,0.0,0.0,[-0.27041649 -1.7279745 ]
-0.10733669082159861,5.229184965459887,12.181663128683176,0.0,0.0,[-0.30419846 -1.7276599 ]
-0.13580028354629609,-0.16804061749273988,-5.397225582952627,0.0,0.0,[-0.3207847 -1.7558908]
-0.021587231371117788,0.6740523145585492,0.8420929320512891,0.0,0.0,[-0.32972576 -1.79589448]
-0.5142789619490697,-2.935363580918246,-3.609415895476795,0.0,0.0,[-0.31805329 -1.83774319]
-14.610769958015366,-82.34858795010035,-79.4132243691821,0.0,0.0,[-0.36891029 -1.89180659]
-24.279540438018085,-56.675428344528534,25.67315960557182,0.0,0.0,999
