angel,angular_velocity,angular_acc,motor1,motor2,action
0.4126956974653186,2.913050979259549,7.965397768922297,0.0,0.0,[-0.35910958 -1.92686445]
0.6828726415908729,1.6141820683640142,-1.298868910895535,0.0,0.0,[-0.3880059 -1.9871887]
0.485750980256,-1.178298045581323,-2.792480113945337,0.0,0.0,[-0.43990486 -2.01249954]
0.45903489268552794,-0.1599338215010094,1.0183642240803137,0.0,0.0,[-0.41984084 -2.03472022]
0.5486400427130582,0.5301245070958142,0.6900583285968236,0.0,0.0,[-0.45044646 -2.08291407]
2.154508359174477,9.614313920389677,9.084189413293862,0.0,0.0,[-0.48081125 -2.10369466]
13.126878083138951,63.67935816598048,54.065044245590805,0.0,0.0,[-0.4569514  -2.09074043]
16.117034098640296,17.864313369068757,-45.81504479691172,0.0,0.0,999
