angel,angular_velocity,angular_acc,motor1,motor2,action
0.42794486978629925,0.5631627161982502,-1.7918755417591634,0.0,0.0,[-1.54442411 -4.21272069]
0.3402656487796396,-0.5245001888114049,-1.0876629050096551,0.0,0.0,[-1.52172429 -4.19230726]
0.0286098479319054,-1.852187069508926,-1.327686880697521,0.0,0.0,[-1.55381284 -4.20874803]
0.10023804854488613,0.42489010879114825,2.277077178300074,0.0,0.0,[-1.56483776 -4.23673313]
0.4802275673756704,2.26691276761679,1.8420226588256419,0.0,0.0,[-1.53389675 -4.24126213]
0.11749885885566992,-2.122652883548435,-4.389565651165225,0.0,0.0,[-1.51507981 -4.27010857]
22.89082420822357,135.2011346319908,137.32378751553924,0.0,0.0,999
