angel,angular_velocity,angular_acc,motor1,motor2,action
0.327468780387798,5.491937927692429,-1.1997367371938203,0.0,0.0,[-1.52124014 -4.16151938]
0.6750433886889436,2.1556879690538118,-3.336249958638617,0.0,0.0,[-1.48110363 -4.18139447]
-1.547654745975056,-13.261909789397713,-15.417597758451524,0.0,0.0,[-1.47139784 -4.18519227]
-10.616606676705226,-52.05428685444439,-38.79237706504668,0.0,0.0,[-1.53086517 -4.18978384]
-26.308301251250054,-95.70107880915788,-43.646791954713485,0.0,0.0,999
