angel,angular_velocity,angular_acc,motor1,motor2,action
3.4475041286831134,50.90709509782066,55.889857747750355,0.0,0.0,[-0.76532183 -3.12149061]
0.5709251216325893,-16.882640880185434,-67.78973597800609,0.0,0.0,[-0.78366476 -3.1548568 ]
0.5162361758963175,-0.31582622947440947,16.566814650711024,0.0,0.0,[-0.76993948 -3.22510374]
-0.12375175975043354,-3.701732554505991,-3.3859063250315815,0.0,0.0,[-0.84236239 -3.30025271]
-13.855840163449022,-80.27886493385881,-76.57713237935282,0.0,0.0,[-0.88080441 -3.39781136]
-24.195497882298195,-61.159782324337684,19.11908260952113,0.0,0.0,999
