angel,angular_velocity,angular_acc,motor1,motor2,action
-3.1608672,1.369581274332741,-12.321355722783784,0.0,0.0,[0.22580834 0.10965587]
-3.1470363,0.13594087224684057,-12.125179848549577,0.22580833849770196,0.1096558697734845,[0.22156848 0.10731722]
-3.2589388,-1.085746473399555,-11.853560190693335,0.22156848086218572,0.10731721625666893,[0.27826362 0.14172684]
-4.073627,-8.059612427235761,-68.99161705404842,0.27826361628086926,0.14172684450242065,[0.29473881 0.09042816]
-5.2906904,-11.768052395344172,-35.85771692958161,0.2947388092250083,0.09042815627640921,[0.33478779 0.14448546]
-7.5285974,-21.31872030379839,-90.98145006291543,0.3347877908760624,0.14448546048029562,[0.39688195 0.1437998 ]
-10.104837,-25.44669998163124,-40.77394102839867,0.39688195193635256,0.14379979932798942,[0.45841467 0.15451058]
-13.31989,-31.505469396146893,-59.372084329118536,0.45841467299630767,0.1545105768671633,[0.47167465 0.20792105]
-15.8829565,-25.019211926987694,63.315193475914235,0.4716746454194588,0.20792104938183384,999
