angel,angular_velocity,angular_acc,motor1,motor2,action
-1.2187236323216484,-15.351104613874659,-14.092440603330955,0.0,0.0,[-1.43953771 -4.4178372 ]
0.4320631666023377,9.807573460638224,25.158678074512885,0.0,0.0,[-1.47801929 -4.44206692]
0.04267299620144079,-2.33562490511203,-12.143198365750255,0.0,0.0,[-1.47082066 -4.45680454]
0.6453405365801005,3.5249022828605248,5.860527187972554,0.0,0.0,[-1.49633117 -4.42868787]
4.298076965188359,21.491407348353263,17.96650506549274,0.0,0.0,[-1.46280721 -4.36213321]
20.34733523302092,94.49509124444207,73.0036838960888,0.0,0.0,999
