angel,angular_velocity,angular_acc,motor1,motor2,action
-0.05039330559805493,0.27803065642205543,-0.13301405876026168,0.0,0.0,[-1.78984622 -4.20994146]
0.4874799388129731,3.3195029296124643,3.0414722731904087,0.0,0.0,[-1.78135798 -4.19013358]
0.04316232262259722,-2.6395149777034703,-5.959017907315935,0.0,0.0,[-1.84056874 -4.12756137]
0.6689942738110155,3.7706702294315364,6.410185207135006,0.0,0.0,[-1.87025613 -4.15427118]
0.6953602035566245,0.15684080250255916,-3.6138294269289775,0.0,0.0,[-1.9095092  -4.13791799]
1.1821321246021803,2.867597802082728,2.710756999580169,0.0,0.0,[-1.90229121 -4.12484635]
-14.978333206289951,-94.88373552457863,-97.75133332666135,0.0,0.0,[-1.97902706 -4.10289076]
-34.46432297628753,-114.13105961148305,-19.247324086904428,0.0,0.0,999
