angel,angular_velocity,angular_acc,motor1,motor2,action
-0.39212785008549034,10.231511201508019,16.81033235000873,0.0,0.0,[-1.40115761 -4.42625054]
-0.44231432274402893,-0.29831203271071877,-10.529823234218737,0.0,0.0,[-1.45818525 -4.40465546]
-0.2942804902141105,0.8861413974135971,1.184453430124316,0.0,0.0,[-1.47261513 -4.43272617]
-0.4652267751036142,-1.052343680876255,-1.938485078289852,0.0,0.0,[-1.45343917 -4.4546267 ]
-5.321231540006654,-28.80659676463574,-27.754253083759483,0.0,0.0,[-1.45874202 -4.3952381 ]
-23.333244194804042,-109.02746578066501,-80.22086901602927,0.0,0.0,999
