angel,angular_velocity,angular_acc,motor1,motor2,action
0.39042733682479436,-1.385523939286955,-5.729523572236784,0.0,0.0,[-2.02536688 -4.04990267]
0.6618897567289375,1.6161713006544014,3.0016952399413563,0.0,0.0,[-2.04944416 -4.01378008]
0.18662831591203988,-2.9173809344385058,-4.533552235092907,0.0,0.0,[-2.0745887  -3.97550091]
0.17178064087466255,-0.08879892487066633,2.8285820095678393,0.0,0.0,[-2.06606599 -3.9746323 ]
0.18559700001564602,0.08366770630758172,0.17246663117824806,0.0,0.0,[-2.04216313 -3.91517797]
0.0700765009286978,-0.6819872779128927,-0.7656549842204744,0.0,0.0,[-1.99480085 -3.87985607]
-0.6085197982836552,-3.9833502285007696,-3.301362950587877,0.0,0.0,[-1.94655466 -3.85734644]
-1.3308563974649352,-4.227556198299656,-0.2442059697988861,0.0,0.0,[-1.94024085 -3.82373592]
-22.960901633242045,-127.33050561768545,-123.1029494193858,0.0,0.0,999
