angel,angular_velocity,angular_acc,motor1,motor2,action
0.6458191655738533,0.06255417287160243,3.7565330912174533,0.0,0.0,[-1.41085141 -4.41125266]
0.8933331222274067,1.4569323177170497,1.3943781448454473,0.0,0.0,[-1.39754892 -4.40743069]
0.6810235322561272,-1.2291449901376124,-2.686077307854662,0.0,0.0,[-1.39823149 -4.38490282]
3.1620551303137434,14.421309694435793,15.650454684573406,0.0,0.0,[-1.40516949 -4.41779301]
22.407863265454132,113.44813150713014,99.02682181269435,0.0,0.0,999
