angel,angular_velocity,angular_acc,motor1,motor2,action
-3.4179575,-2.966929148871263,-26.493319597688572,0,0.0,[2.72664419]
-3.973999,-5.337432172338901,-22.75441595169826,2.7266441891682955,0.0,[2.71717662]
-4.667189,-6.928091959939094,-15.89785734145093,2.7171766161502324,0.0,[2.73795696]
-5.298017,-6.004529692634484,8.790919082816204,2.7379569586849364,0.0,[2.76760494]
-6.5591125,-12.606338659243441,-65.99392197005562,2.7676049417366393,0.0,[2.78908155]
-8.102192,-15.090205806988624,-24.290433165203332,2.789081550445826,0.0,[2.77344022]
-8.644245,-5.301372482266857,95.73645068813876,2.7734402237503595,0.0,[2.73745357]
-11.86523,-31.344124914446134,-253.42788695822483,2.737453574586918,0.0,[2.72097032]
-15.895333,-40.2742852786097,-89.24232584017192,2.7209703200684516,0.0,999
