angel,angular_velocity,angular_acc,motor1,motor2,action
-0.5514337413281619,-0.14735705937178328,1.782680749987391,0.0,0.0,[-1.47236759 -4.28002985]
-0.49366696219635686,0.33742223246838937,0.48477929184017265,0.0,0.0,[-1.45598683 -4.31718015]
-0.17890194854479913,1.8461028636653618,1.5086806311969725,0.0,0.0,[-1.45546412 -4.38700625]
-0.5228019261296146,-2.0372488101870867,-3.8833516738524487,0.0,0.0,[-1.45292018 -4.42842133]
0.07172394571014093,3.433852173763508,5.471100983950595,0.0,0.0,[-1.43307774 -4.40908253]
-0.5205257448849034,-3.5389921960199753,-6.972844369783483,0.0,0.0,[-1.4352763  -4.37558983]
-0.3285473640163518,1.1486933949854627,4.6876855910054385,0.0,0.0,[-1.41719526 -4.41116132]
3.246143744716379,21.19718491747399,20.048491522488526,0.0,0.0,[-1.45262418 -4.41669467]
-29.10672352310931,-189.11262015596174,-210.3098050734357,0.0,0.0,999
