angel,angular_velocity,angular_acc,motor1,motor2,action
-0.09309526095376859,-3.1311939700615086,-0.3635770954252582,0.0,0.0,[-2.31068781 -2.97594651]
-0.1215605537291868,-0.16639989539959898,2.9647940746619095,0.0,0.0,[-2.34045563 -2.89074918]
-0.2791432321358019,-0.9287631591194758,-0.7623632637198768,0.0,0.0,[-2.35780925 -2.80956766]
-0.19641251420493933,0.48745570536175004,1.416218864481226,0.0,0.0,[-2.38250608 -2.74261979]
0.7011347163211975,5.179537050056063,4.692081344694313,0.0,0.0,[-2.41462654 -2.67499046]
0.5222836009061989,-1.0753027764130347,-6.254839826469098,0.0,0.0,[-2.44369435 -2.57457633]
10.677989526215505,59.374362971202935,60.44966574761597,0.0,0.0,[-2.43169296 -2.52096767]
25.48513824011459,86.28473730619218,26.91037433498925,0.0,0.0,999
