angel,angular_velocity,angular_acc,motor1,motor2,action
-0.2349341609618566,2.0799128583953967,4.846419868945218,0.0,0.0,[-1.57421198 -4.36573771]
-0.20882077917675032,0.1538676587702923,-1.9260451996251045,0.0,0.0,[-1.58234227 -4.33650269]
-0.3388267872482685,-0.7622266079174275,-0.9160942666877198,0.0,0.0,[-1.62767755 -4.30339936]
0.014340900505721024,2.0568909527415524,2.81911756065898,0.0,0.0,[-1.62695486 -4.25064142]
0.02171170035911114,0.04387331502867885,-2.0130176377128737,0.0,0.0,[-1.68278244 -4.22834303]
-12.250351212697426,-71.69028251793162,-71.7341558329603,0.0,0.0,[-1.68737811 -4.22377694]
-24.33966869685842,-71.26602082774505,0.4242616901865688,0.0,0.0,999
