angel,angular_velocity,angular_acc,motor1,motor2,action
0.6132841484049779,23.06481481213143,39.537211706417764,0.0,0.0,[-1.97971681 -3.77353249]
0.3318425421969605,-1.6449582572966568,-24.70977306942809,0.0,0.0,[-1.98383153 -3.72086869]
0.39806208924981173,0.3951408677494584,2.0400991250461153,0.0,0.0,[-1.94914772 -3.71862895]
0.44894475417840546,0.30159371684810804,-0.09354715090135035,0.0,0.0,[-1.99225638 -3.6542384 ]
-6.948366669691442,-43.588462735521,-43.89005645236911,0.0,0.0,[-2.02420334 -3.61315319]
-32.139144325835254,-150.72135433283017,-107.13289159730917,0.0,0.0,999
