angel,angular_velocity,angular_acc,motor1,motor2,action
1.2125618208610514,14.963672285665277,15.02365424463712,0.0,0.0,[-2.08647123 -3.50052148]
0.18454085448079763,-6.156735049308002,-21.12040733497328,0.0,0.0,[-2.10121123 -3.47321322]
0.3825076181349545,1.2252452661209152,7.381980315428917,0.0,0.0,[-2.12393703 -3.40547919]
0.31623009283693154,-0.3955718099859108,-1.620817076106826,0.0,0.0,[-2.14824254 -3.32012449]
0.5431640718315038,1.3316928051028196,1.7272646150887305,0.0,0.0,[-2.16948562 -3.28538783]
-3.10160012322164,-22.301101604783973,-23.63279440988679,0.0,0.0,[-2.183958   -3.21399929]
-10.888416414833292,-46.50036408250388,-24.199262477719905,0.0,0.0,[-2.20668302 -3.12282983]
-22.882854013009986,-71.0395872135522,-24.539223131048317,0.0,0.0,999
