angel,angular_velocity,angular_acc,motor1,motor2,action
0.08609026793462855,16.608764921509117,40.78179764018918,0.0,0.0,[-2.66330218 -1.49237043]
0.6719712973579783,3.466929568714595,-13.141835352794523,0.0,0.0,[-2.66137123 -1.40407645]
0.4005500306471109,-1.6285990453069412,-5.095528614021536,0.0,0.0,[-2.70137793 -1.31831031]
0.42376139325108547,0.13646808217520875,1.76506712748215,0.0,0.0,[-2.71209275 -1.21390053]
1.0178988803849573,3.5165459280708435,3.380077845895635,0.0,0.0,[-2.70594813 -1.17200029]
1.035709082938435,0.10708650450251085,-3.409459423568333,0.0,0.0,[-2.71137326 -1.12635149]
-47.85980443451145,-292.4496375489394,-292.5567240534419,0.0,0.0,999
