angel,angular_velocity,angular_acc,motor1,motor2,action
-0.22079270245169288,0.5559355258334006,-4.058685558811359,0.0,0.0,[-2.89580417 -0.51690383]
-0.49613736471989944,-1.6215932005737077,-2.1775287264071084,0.0,0.0,[-2.90492463 -0.54633851]
-0.42722244655399977,0.4059937846287145,2.027586985202422,0.0,0.0,[-2.91344154 -0.50145851]
-0.25331535545624434,1.0642442996725645,0.65825051504385,0.0,0.0,[-2.91689229 -0.48361108]
-14.197639389601818,-85.32653786543786,-86.39078216511042,0.0,0.0,[-2.91596746 -0.48071614]
-27.141652206112028,-76.2451545267815,9.081383338656352,0.0,0.0,999
