angel,angular_velocity,angular_acc,motor1,motor2,action
-0.06447341938567687,7.4680516700831285,8.77966280783449,0.0,0.0,[-2.44998833 -2.36986505]
-0.2087923081523464,-0.870630671313729,-8.338682341396858,0.0,0.0,[-2.48086422 -2.27765958]
-0.33600009009015835,-0.7410863869259597,0.12954428438776922,0.0,0.0,[-2.51821345 -2.17100093]
-0.3964625906270274,-0.36049290644143067,0.38059348048452907,0.0,0.0,[-2.55280621 -2.1126874 ]
-0.5643469159237865,-0.9892748122056696,-0.628781905764239,0.0,0.0,[-2.54323305 -2.00722247]
0.7198587618527437,7.625738684766799,8.615013496972468,0.0,0.0,[-2.61490882 -1.88311062]
0.275862662401197,-2.6105763172552323,-10.236315002022032,0.0,0.0,[-2.58532949 -1.82646319]
-8.680264502102784,-54.80748298144965,-52.19690666419442,0.0,0.0,[-2.61319933 -1.69138605]
-24.934354794395375,-98.17176370283478,-43.36428072138513,0.0,0.0,999
