angel,angular_velocity,angular_acc,motor1,motor2,action
-0.32330192111523953,11.845169161602845,17.82534033056199,0.0,0.0,[-2.91056502 -0.47591106]
-0.10757548476317202,1.275844097740709,-10.569325063862136,0.0,0.0,[-2.91109228 -0.51435286]
-0.07873762491173837,0.17668538517406746,-1.0991587125666415,0.0,0.0,[-2.91517854 -0.45941504]
0.11597974701035421,1.1618070045554807,0.9851216193814132,0.0,0.0,[-2.9178921  -0.45748984]
-16.852842309454488,-99.6199790698978,-100.78178607445328,0.0,0.0,999
