angel,angular_velocity,angular_acc,motor1,motor2,action
-0.6058549041632906,2.5948763286534597,6.0106018544299555,0.0,0.0,[-2.94423771 -0.46913623]
-0.8120005601760865,-1.222729894768756,-3.8176062234222155,0.0,0.0,[-2.95362902 -0.45175237]
-0.6505515837454786,0.9548713110238789,2.1776012057926346,0.0,0.0,[-2.95361662 -0.41007715]
-0.10715845786642948,3.2008054993448547,2.245934188320976,0.0,0.0,[-2.94530678 -0.36614398]
-0.6925183385688745,-3.4620775323441686,-6.662883031689024,0.0,0.0,[-2.93594503 -0.35800931]
-0.8872215442736866,-1.173489763059524,2.2885877692846446,0.0,0.0,[-2.92545891 -0.40162062]
-0.07491891862177921,4.823627898786247,5.997117661845771,0.0,0.0,[-2.91826844 -0.41801968]
-9.141374682215329,-54.56990043174287,-59.39352833052912,0.0,0.0,[-2.91859603 -0.4896544 ]
-25.485751731509282,-98.08768380416288,-43.517783372420006,0.0,0.0,999
