angel,angular_velocity,angular_acc,motor1,motor2,action
-1.0179965144022163,2.1139120014458572,10.751058594833495,0.0,0.0,[-2.96649742 -0.63929889]
0.4039518727748693,8.549726206363749,6.435814204917891,0.0,0.0,[-2.97337461 -0.66153686]
-0.6850888710804353,-6.468570254557514,-15.018296460921263,0.0,0.0,[-2.97469449 -0.66787161]
-0.5492327165960484,0.7894699092774808,7.258040163834995,0.0,0.0,[-2.9497792  -0.62574076]
0.7532698326336345,7.774927456923036,6.985457547645556,0.0,0.0,[-2.94286652 -0.61725292]
-4.69459708536197,-32.22346008680818,-39.99838754373122,0.0,0.0,[-2.93473691 -0.61435304]
-21.4021277347586,-101.66602972211172,-69.44256963530353,0.0,0.0,999
