angel,angular_velocity,angular_acc,motor1,motor2,action
0.3319217636250976,5.8000773669137695,6.355885457511126,0.0,0.0,[-2.92949915 -0.5308029 ]
0.08625037308662328,-1.4551248863504052,-7.255202253264175,0.0,0.0,[-2.93068266 -0.53162523]
0.38886562153899773,1.7832826563140236,3.2384075426644285,0.0,0.0,[-2.92927361 -0.51723607]
0.007190306750639223,-2.2632499155528354,-4.046532571866859,0.0,0.0,[-2.92311811 -0.50124615]
0.2583457882552199,1.5119369872657673,3.7751869028186027,0.0,0.0,[-2.91280699 -0.46455625]
6.929899205182658,39.022711712357456,37.510774725091686,0.0,0.0,[-2.89888644 -0.46560336]
19.45134002571974,74.49761028713476,35.474898574777306,0.0,0.0,999
