angel,angular_velocity,angular_acc,motor1,motor2,action
-0.9135177332234975,-3.779002113809262,0.0065507544980221155,0.0,0.0,[-2.89056942 -0.66511057]
-0.36497665323040834,3.2055005865264143,6.9845027003356766,0.0,0.0,[-2.87965559 -0.66743985]
-0.5670377299948131,-1.2159177033829545,-4.421418289909369,0.0,0.0,[-2.88529968 -0.62059761]
-0.4794730788520844,0.5256854478198129,1.7416031512027672,0.0,0.0,[-2.87646675 -0.6101353 ]
-0.5845868797756423,-0.621944773765761,-1.1476302215855738,0.0,0.0,[-2.8793416  -0.61730417]
-0.42811357647595655,0.9356164821081275,1.5575612558738885,0.0,0.0,[-2.89202046 -0.57598919]
-0.5033399087783138,-0.44445930697534763,-1.3800757890834752,0.0,0.0,[-2.90898275 -0.5411258 ]
23.714847557901948,139.89208473013676,140.3365440371121,0.0,0.0,999
