angel,angular_velocity,angular_acc,motor1,motor2,action
0.21500839206675407,-2.4714708714484988,-10.46084505574215,0.0,0.0,[-2.93756711 -0.60483956]
0.27413176916728443,0.353731601819947,2.8252024732684458,0.0,0.0,[-2.92611551 -0.54556278]
-0.6541337637367715,-5.518037361669676,-5.8717689634896235,0.0,0.0,[-2.91902494 -0.51371617]
0.21393516861113276,5.085473839266072,10.603511200935749,0.0,0.0,[-2.91584516 -0.45213887]
0.17282561605685187,-0.24816382206372498,-5.333637661329797,0.0,0.0,[-2.91618752 -0.43537315]
0.007136917127222237,-0.9733380570675033,-0.7251742350037783,0.0,0.0,[-2.9197669  -0.44862824]
0.8878866385421126,4.951866574526494,5.9252046315939975,0.0,0.0,[-2.92640638 -0.48354213]
-16.424950312835925,-100.69752493889769,-105.64939151342418,0.0,0.0,999
