angel,angular_velocity,angular_acc,motor1,motor2,action
-2.808807,-0.9984565250692823,1.4427052721568652,0.0,0.0,[-1.05513609 -1.1029527 ]
-2.940599,-0.7637337813509888,0.2347227437182935,0.0,0.0,[-1.10587952 -1.12455059]
-2.9487994,-0.048097159198170925,0.7156366221528179,0.0,0.0,[-1.11711097 -1.18025204]
-2.8957627,0.30819661229228607,0.356293771490457,0.0,0.0,[-1.08643055 -1.18120861]
-2.904272,-0.04968185848653449,-0.35787847077882057,0.0,0.0,[-1.06548109 -1.15933716]
-2.5028765,2.334382036804916,2.3840638952914506,0.0,0.0,[-1.09955618 -1.09197569]
3.9418457,38.01492969710266,35.68054766029774,0.0,0.0,[-1.09576325 -1.10388165]
11.404222,43.82973610692956,5.8148064098269,0.0,0.0,[-1.14111777 -1.09196348]
17.12302,33.08708084866894,-10.74265525826062,0.0,0.0,999
