angel,angular_velocity,angular_acc,motor1,motor2,action
-1.6136093,6.379778149076395,11.11174605075789,0.0,0.0,[-1.41212149 -1.07651774]
-1.8900535,-1.6221648619155544,-8.00194301099195,0.0,0.0,[-1.38521503 -1.0845538 ]
-1.7169814,1.0551563946736127,2.677321256589167,0.0,0.0,[-1.35317134 -1.09836367]
-3.1882157,-8.499355400312934,-9.554511794986547,0.0,0.0,[-1.40468041 -1.14700942]
-21.277744,-106.820779886327,-98.32142448601407,0.0,0.0,999
