angel,angular_velocity,angular_acc,motor1,motor2,action
0.48264664499885634,4.2780419885064385,10.281383809958058,0.0,0.0,[-2.92293024 -0.44058411]
0.33343257202016824,-0.9014466709744934,-5.179488659480932,0.0,0.0,[-2.9173907  -0.40388782]
0.3600380041669612,0.16390715677421677,1.0653538277487102,0.0,0.0,[-2.91612983 -0.44777713]
1.932884639044931,9.73351510643901,9.569607949664793,0.0,0.0,[-2.91875875 -0.44330888]
0.22991071598220714,-10.297472536236368,-20.030987642675377,0.0,0.0,[-2.91944468 -0.45391976]
0.4604221956140805,1.3576648412523609,11.655137377488728,0.0,0.0,[-2.91491985 -0.42241044]
0.2202366258840056,-1.4353982506705745,-2.793063091922935,0.0,0.0,[-2.90927804 -0.44837774]
-21.83350154468115,-132.1180609138764,-130.68266266320583,0.0,0.0,999
