angel,angular_velocity,angular_acc,motor1,motor2,action
-3.1441786,-0.8807520018567947,-0.8878740065073315,0.0,0.0,[-1.18389349 -1.10269696]
-3.0732791,0.41038103636481565,1.2911330382216104,0.0,0.0,[-1.20156142 -1.12711481]
-3.428687,-2.0799024990547097,-2.4902835354195254,0.0,0.0,[-1.22401582 -1.09489081]
-3.0398264,2.334779627437311,4.414682126492021,0.0,0.0,[-1.2107173  -1.13219249]
-3.3199408,-1.6502074548922554,-3.9849870823295666,0.0,0.0,[-1.22411144 -1.08651278]
-2.9052346,2.453825470407164,4.104032925299419,0.0,0.0,[-1.25051824 -1.13124377]
-16.908646,-81.7295938884985,-84.18341935890567,0.0,0.0,999
