angel,angular_velocity,angular_acc,motor1,motor2,action
-3.9267359,4.8912303497882705,10.261969879480155,0.0,0.0,[-1.45378598 -1.09369976]
-2.8934898,6.143108446202151,1.25187809641388,0.0,0.0,[-1.38333591 -1.10656113]
-2.8903766,0.018095346317046877,-6.125013099885104,0.0,0.0,[-1.373238  -1.0926581]
-2.3794065,3.1103802994328307,3.092284953115784,0.0,0.0,[-1.40439974 -1.1070399 ]
-2.2546098,0.7229235981343907,-2.38745670129844,0.0,0.0,[-1.41508884 -1.06064513]
-5.0123334,-16.179033767367304,-16.901957365501694,0.0,0.0,[-1.38763562 -1.09052863]
-15.278135,-59.435618389776465,-43.256584622409164,0.0,0.0,999
