angel,angular_velocity,angular_acc,motor1,motor2,action
-2.592369,0.684733614642955,-0.41178122397690253,0.0,0.0,[-1.29750198 -1.11314855]
-2.507236,0.5008289315339021,-0.18390468310905295,0.0,0.0,[-1.35246396 -1.15551288]
-2.1888747,1.8545966163747905,1.3537676848408884,0.0,0.0,[-1.41125961 -1.11579759]
-2.0189505,0.9911442644927838,-0.8634523518820066,0.0,0.0,[-1.4125175  -1.12186204]
-8.191971,-36.169580505059116,-37.1607247695519,0.0,0.0,[-1.45728685 -1.0959117 ]
-20.047482,-67.33755025709151,-31.16796975203239,0.0,0.0,999
