angel,angular_velocity,angular_acc,motor1,motor2,action
-1.447698,-1.712519930262707,-3.7184414434059043,0.0,0,[2.22773744]
-1.622135,-2.179997377955759,-0.4674774476930519,0.0,2.2277374362945555,[2.08681799]
-2.3398776,-8.966339337836711,-6.786341959880952,0.0,2.086817989349365,[2.22874952]
-2.7175894,-4.717788213852847,4.248551123983864,0.0,2.2287495231628416,[2.22675205]
-3.883887,-14.575520383292911,-9.857732169440064,0.0,2.2267520523071287,[2.23603282]
-5.44967,-19.559828805270463,-4.984308421977552,0.0,2.236032824361616,[2.28726752]
-7.4430327,-24.90978483026558,-5.349956024995116,0.0,2.2872675153311275,[2.27992522]
-10.584257,-39.24347170800432,-14.333686877738742,0.0,2.2799252180736382,999
