angel,angular_velocity,angular_acc,motor1,motor2,action
-1.0728126,-0.6909114472386662,-0.24229379842736903,0.0,0,[1.88613058]
-1.2789985,-2.576620207605859,-1.8857087603671927,0.0,1.886130580499121,[2.0182646]
-1.9479575,-8.356417228562579,-5.77979702095672,0.0,2.0182645983798775,[2.35571582]
-2.1483712,-2.504225864015658,5.852191364546921,0.0,2.3557158241269103,[2.32345283]
-2.9902296,-10.523020345640454,-8.018794481624795,0.0,2.3234528345352397,[2.32222749]
-4.135317,-14.30494985807766,-3.7819295124372054,0.0,2.322227487928426,[2.36252901]
-5.943065,-22.594720719002552,-8.289770860924893,0.0,2.3625290082018964,[2.33526589]
-8.525471,-32.25376245466294,-9.659041735660388,0.0,2.335265886363568,[2.26182469]
-11.690555,-39.560638795597924,-7.306876340934984,0.0,2.261824689469708,999
