angel,angular_velocity,angular_acc,motor1,motor2,action
-1.8873557,-1.5702979085929099,-2.6183034627082886,0.0,0,[2.81865352]
-2.100108,-2.5853529573669802,-1.0150550487740704,0.0,2.8186535232197234,[2.79307781]
-1.9239963,2.069659178149744,4.655012135516724,0.0,2.7930778066523865,[2.78556598]
-2.5550954,-7.508088076787801,-9.577747254937545,0.0,2.7855659818130514,[2.76824269]
-3.4197028,-10.406261388582005,-2.8981733117942037,0.0,2.7682426866880117,[2.78301799]
-5.173326,-20.57188047144639,-10.165619082864387,0.0,2.7830179854811568,[2.81771874]
-6.9215436,-20.420282832333562,0.15159763911282909,0.0,2.817718744922016,[2.75816584]
-9.84766,-33.75548563476041,-13.33520280242685,0.0,2.7581658391199935,[2.76380643]
-13.182709,-39.369910667544794,-5.614425032784382,0.0,2.7638064317922026,999
