angel,angular_velocity,angular_acc,motor1,motor2,action
-1.4605317,-0.15933455626165108,-1.0009309858651954,0.0,0,[2.76922273]
-1.6313742,-2.028384885172489,-1.869050328910838,0.0,2.769222728789347,[2.88496661]
-2.2255447,-6.945856117995284,-4.917471232822795,0.0,2.884966611344611,[2.91508537]
-2.7568505,-6.6374120604511795,0.3084440575441043,0.0,2.9150853654286712,[2.87800189]
-3.4822145,-8.711728660195286,-2.0743165997441064,0.0,2.87800188976225,[2.84075687]
-4.3199873,-10.066243643916064,-1.3545149837207777,0.0,2.8407568685733486,[2.87731635]
-5.355604,-12.619527954352652,-2.553284310436588,0.0,2.877316353902289,[2.88932246]
-7.417335,-24.56509054754634,-11.945562593193689,0.0,2.889322463501494,[2.8805958]
-10.046761,-31.43397463303406,-6.868884085487721,0.0,2.8805958004256267,999
