angel,angular_velocity,angular_acc,motor1,motor2,action
-1.9816426,-1.6518320085532447,-0.052757098873154495,0.0,0,[2.31341094]
-2.1559892,-2.177919180848339,-0.5260871722950944,0.0,2.3134109423198606,[2.36146304]
-2.2408545,-1.0599963073697751,1.117922873478564,0.0,2.361463042538868,[2.39487027]
-3.1069872,-10.823863111571935,-9.76386680420216,0.0,2.3948702651554563,[2.44290404]
-4.0771465,-12.120356359910403,-1.296493248338468,0.0,2.4429040379191433,[2.42974802]
-5.1371627,-13.249148466345423,-1.1287921064350197,0.0,2.429748019558751,[2.44193245]
-7.294057,-26.949718040913112,-13.70056957456769,0.0,2.441932453246032,[2.4861072]
-10.414348,-38.984617584329236,-12.034899543416124,0.0,2.4861072037667467,999
