angel,angular_velocity,angular_acc,motor1,motor2,action
-3.10699,-2.189651474530831,-1.5277735777371126,0.0,0,[2.33315494]
-3.4095929,-3.697048962578247,-1.507397488047416,0.0,2.3331549361405486,[2.64978417]
-3.7099247,-3.606131393547981,0.09091756903026615,0.0,2.649784165841018,[2.71542086]
-4.2859898,-6.738072662777338,-3.131941269229357,0.0,2.7154208576699603,[2.74499628]
-5.501551,-14.052705563273136,-7.314632900495798,0.0,2.744996280493733,[2.72779079]
-7.6246243,-26.52231435481373,-12.469608791540594,0.0,2.7277907873404703,[2.70323784]
-10.645711,-35.92356781796894,-9.401253463155207,0.0,2.7032378353185975,999
