angel,angular_velocity,angular_acc,motor1,motor2,action
-2.0275993,-1.253744908206169,0.1351498934126456,0.0,0,[0.01475779]
-2.2363815,-2.6087381359517154,-1.3549932277455465,0.0,0.014757793913136434,[0.00678797]
-2.631865,-4.941545519542421,-2.3328073835907057,0.0,0.014757793913136434,[1.42911594]
-3.1655064,-6.666291395265028,-1.7247458757226068,0.0,1.4291159439214445,[1.97391346]
-3.4659925,-3.754177663129926,2.912113732135102,0.0,1.9739134577208937,[2.18025303]
-4.3797255,-11.407632524400444,-7.653454861270518,0.0,2.18025302671626,[2.39685838]
-6.2578034,-23.461523569550053,-12.053891045149609,0.0,2.396858377638798,[2.46973082]
-8.899172,-33.00680770686044,-9.54528413731039,0.0,2.4697308192223684,[2.47993428]
-12.415873,-43.922934446634784,-10.916126739774342,0.0,2.479934278023805,999
