angel,angular_velocity,angular_acc,motor1,motor2,action
-2.1806543,-0.560862815443431,0.7671931272796073,0.0,0,[0.18572918]
-2.2938225,-1.4139975215080671,-0.8531347060646362,0.0,0.18572917938232414,[0.18148575]
-2.3818264,-1.0765167887213858,0.33748073278668134,0.0,0.18148574590682975,[0.49348572]
-2.8899336,-6.347014203047893,-5.270497414326507,0.0,0.493485722541809,[2.09344402]
-3.3647337,-5.934617929110816,0.4123962739370768,0.0,2.0934440231323244,[2.31624928]
-4.1781936,-10.164380704973903,-4.229762775863087,0.0,2.316249284744263,[2.31624928]
-5.474302,-16.20103054379215,-6.0366498388182475,0.0,2.316249284744263,[2.31624928]
-7.626075,-26.876922664586044,-10.675892120793893,0.0,2.316249284744263,[2.31624928]
-10.367625,-34.266247485658944,-7.389324821072901,0.0,2.316249284744263,999
