angel,angular_velocity,angular_acc,motor1,motor2,action
-2.2405436,-1.019352147093006,-2.5229596850898246,0.0,0,[3.]
-2.161727,0.9404276261514215,1.9597797732444275,0.0,3.0,[3.]
-2.4575052,-3.462813216136929,-4.40324084228835,0.0,3.0,[3.]
-3.133297,-8.049150068437523,-4.586336852300594,0.0,3.0,[3.]
-3.7938287,-7.940701357141833,0.10844871129569,0.0,3.0,[3.]
-4.7327576,-11.142194683755605,-3.2014933266137717,0.0,3.0,[3.]
-6.3623047,-19.73503807073621,-8.592843386980604,0.0,3.0,[3.]
-9.357057,-35.50804527516763,-15.773007204431423,0.0,3.0,[3.]
-12.221731,-34.18093371377528,1.3271115613923499,0.0,3.0,999
