angel,angular_velocity,angular_acc,motor1,motor2,action
-1.8808862,-0.0006657115369149706,-2.7671942123429654,0.0,0,[1.4831378]
-2.0402515,-1.990727283557197,-1.9900615720202819,0.0,1.4831377983093261,[1.85383744]
-2.0093312,0.38622285489654185,2.376950138453739,0.0,1.8538374423980712,[2.26131983]
-2.3038666,-3.680741647821566,-4.066964502718108,0.0,2.2613198280334474,[2.32499928]
-3.1462202,-10.524881661299595,-6.844140013478029,0.0,2.324999284744263,[2.32499928]
-3.9110696,-9.552570222167962,0.9723114391316336,0.0,2.324999284744263,[2.32499928]
-5.21629,-16.312304643852148,-6.759734421684186,0.0,2.324999284744263,[2.32499928]
-7.3351665,-26.467050246587092,-10.154745602734945,0.0,2.324999284744263,[2.32499928]
-10.308088,-37.144953439739766,-10.677903193152673,0.0,2.324999284744263,999
