angel,angular_velocity,angular_acc,motor1,motor2,action
-1.4966512,-2.0061649894123006,-1.0963269954279653,0.0,0,[2.87563186]
-1.6053585,-1.3580736535471534,0.6480913358651472,0.0,2.8756318590038266,[2.88911678]
-1.8103597,-2.560488073613055,-1.2024144200659017,0.0,2.889116783450885,[2.90082645]
-2.1074333,-3.711344167371594,-1.1508560937585388,0.0,2.9008264511838933,[2.87545729]
-3.0945528,-12.33231563834794,-8.620971470976345,0.0,2.875457291402818,[2.78341197]
-4.2769437,-14.769028949554931,-2.436713311206992,0.0,2.7834119653786176,[2.74895449]
-6.4057207,-26.59753111427533,-11.8285021647204,0.0,2.7489544910470327,[2.81907149]
-9.441841,-37.929724754793185,-11.332193640517854,0.0,2.819071489067899,[2.79032886]
-12.929407,-43.56151149943865,-5.631786744645467,0.0,2.7903288596382745,999
