angel,angular_velocity,angular_acc,motor1,motor2,action
0.26774856,4.539923283181886,1.2439932100012703,0.0,0.0,[-3.]
0.7968051,6.61279930862873,2.0728760254468446,3.0,0.0,[-3.]
1.5822684,9.811487237065077,3.198687928436346,3.0,0.0,[-3.]
2.9573789,17.188590374012815,7.3771031369477384,3.0,0.0,[-3.]
4.599097,20.51079623137207,3.322205857359254,3.0,0.0,[-3.]
7.5408964,36.76836659892366,16.257570367551594,3.0,0.0,[-3.]
11.005742,43.30054644808743,6.532179849163768,3.0,0.0,999
