angel,angular_velocity,angular_acc,motor1,motor2,action
-0.8276965,0.5896270128848469,-1.7536597268655083,0.0,0.0,[-3.]
-0.5908583,2.9581179350350792,2.368490922150232,3.0,0.0,[-3.]
-0.26114932,4.1208870085791,1.1627690735440206,3.0,0.0,[-3.]
0.5795317,10.506738656916994,6.385851648337894,3.0,0.0,[-3.]
1.6444279,13.300986891084627,2.7942482341676325,3.0,0.0,[-3.]
3.154327,18.873362022464544,5.572375131379918,3.0,0.0,[-3.]
5.911272,34.44039517145044,15.567033148985896,3.0,0.0,[-3.]
9.042032,39.1182183243765,4.677823152926059,3.0,0.0,[-3.]
13.321455,53.46495134323646,14.346733018859958,3.0,0.0,999
