angel,angular_velocity,angular_acc,motor1,motor2,action
0.13177711,1.4606267439748182,1.675602621775541,0.0,0.0,[-3.]
0.29358348,2.021346675641625,0.560719931666807,3.0,0.0,[-3.]
0.47798154,2.213798502421543,0.192451826779918,3.0,0.0,[-3.]
0.6271216,1.7541358438397343,-0.4596626585818089,3.0,0.0,[-3.]
1.4481169,9.883765068886337,8.129629225046603,3.0,0.0,[-3.]
2.8097525,17.007535757998088,7.123770689111751,3.0,0.0,[-3.]
4.7386193,24.104608930641092,7.097073172643004,3.0,0.0,[-3.]
7.4373417,33.73034230185857,9.625733371217478,3.0,0.0,[-3.]
11.303245,48.30382235621107,14.573480054352501,3.0,0.0,999
