angel,angular_velocity,angular_acc,motor1,motor2,action
-0.2639207,1.200278771647069,-0.3753141520028378,0.0,0.0,[-2.9706832]
-0.14860088,1.4414131879462635,0.2411344162991944,2.970683198971601,0.0,[-2.92331874]
0.27170622,5.086856062026956,3.6454428740806923,2.9233187396533196,0.0,[-2.93249626]
0.5725059,3.7588008079821003,-1.3280552540448558,2.932496260866235,0.0,[-2.93009102]
1.8601292,16.083755974805307,12.324955166823207,2.93009102424454,0.0,[-2.89241884]
3.682748,22.782621458756772,6.698865483951465,2.8924188407866245,0.0,[-2.86464036]
6.068996,29.806984889005367,7.024363430248595,2.8646403647449885,0.0,[-2.87525506]
8.834596,34.548201670260546,4.741216781255179,2.875255060006275,0.0,[-2.86875499]
12.081412,40.55515153680988,6.006949866549334,2.8687549889637216,0.0,999
