angel,angular_velocity,angular_acc,motor1,motor2,action
-0.16029467,2.470826767020776,2.7261508038612194,0.0,0.0,[-3.]
0.21797171,4.72567263271707,2.254845865696294,3.0,0.0,[-2.96296864]
0.8194517,7.5138271288715215,2.7881544961544513,2.962968639248614,0.0,[-2.9537797]
1.855698,12.943293289418042,5.429466160546521,2.9537797019285525,0.0,[-2.95722836]
3.402795,19.326636465984024,6.383343176565981,2.95722836149776,0.0,[-2.94461321]
5.5700884,27.083685648483332,7.757049182499308,2.9446132066312263,0.0,[-2.94930409]
9.005634,39.90021708792061,12.816531439437277,2.9493040913861464,0.0,[-2.97212133]
13.250319,53.03947685936872,13.13925977144811,2.9721213314552752,0.0,999
