angel,angular_velocity,angular_acc,motor1,motor2,action
0.1216663,-0.1243334465357094,1.0027701577923436,0.0,0.0,[-3.]
0.17433338,0.6581841828480169,0.7825176293837264,3.0,0.0,[-3.]
0.47424367,3.748178673269628,3.089994490421611,3.0,0.0,[-3.]
0.85748893,4.787673828805619,1.0394951555359908,3.0,0.0,[-3.]
1.5621245,8.755219735458356,3.967545906652737,3.0,0.0,[-3.]
2.442969,11.010042913338896,2.2548231778805405,3.0,0.0,[-3.]
4.3687177,23.926060979475043,12.916018066136147,3.0,0.0,[-3.]
6.320799,24.391951595172625,0.4658906156975817,3.0,0.0,[-3.]
10.433371,51.371982345267945,26.98003075009532,3.0,0.0,999
